model,L,T,U4
annealed,32,0.55500,0.04862
annealed,32,0.55452,0.05434
annealed,32,0.55403,0.06013
annealed,32,0.55355,0.06598
annealed,32,0.55307,0.07189
annealed,32,0.55258,0.07786
annealed,32,0.55210,0.08389
annealed,32,0.55162,0.08997
annealed,32,0.55115,0.09609
annealed,32,0.55067,0.10226
annealed,32,0.55019,0.10847
annealed,32,0.54971,0.11473
annealed,32,0.54924,0.12101
annealed,32,0.54876,0.12734
annealed,32,0.54829,0.13369
annealed,32,0.54782,0.14007
annealed,32,0.54734,0.14648
annealed,32,0.54687,0.15291
annealed,32,0.54640,0.15935
annealed,32,0.54593,0.16582
annealed,32,0.54546,0.17230
annealed,32,0.54500,0.17878
annealed,32,0.54453,0.18527
annealed,32,0.54406,0.19177
annealed,32,0.54360,0.19826
annealed,32,0.54313,0.20474
annealed,32,0.54267,0.21121
annealed,32,0.54220,0.21767
annealed,32,0.54174,0.22411
annealed,32,0.54128,0.23053
annealed,32,0.54082,0.23691
annealed,32,0.54036,0.24326
annealed,32,0.53990,0.24958
annealed,32,0.53944,0.25584
annealed,32,0.53898,0.26206
annealed,32,0.53852,0.26823
annealed,32,0.53807,0.27434
annealed,32,0.53761,0.28038
annealed,32,0.53716,0.28636
annealed,32,0.53670,0.29226
annealed,32,0.53625,0.29808
annealed,32,0.53580,0.30383
annealed,32,0.53535,0.30949
annealed,32,0.53489,0.31505
annealed,32,0.53444,0.32053
annealed,32,0.53399,0.32591
annealed,32,0.53355,0.33119
annealed,32,0.53310,0.33637
annealed,32,0.53265,0.34144
annealed,32,0.53220,0.34641
annealed,32,0.53176,0.35126
annealed,32,0.53131,0.35601
annealed,32,0.53087,0.36065
annealed,32,0.53043,0.36517
annealed,32,0.52998,0.36958
annealed,32,0.52954,0.37387
annealed,32,0.52910,0.37805
annealed,32,0.52866,0.38212
annealed,32,0.52822,0.38607
annealed,32,0.52778,0.38991
annealed,32,0.52734,0.39363
annealed,32,0.52690,0.39724
annealed,32,0.52647,0.40074
annealed,32,0.52603,0.40413
annealed,32,0.52560,0.40740
annealed,32,0.52516,0.41057
annealed,32,0.52473,0.41363
annealed,32,0.52429,0.41659
annealed,32,0.52386,0.41944
annealed,32,0.52343,0.42219
annealed,32,0.52300,0.42483
annealed,32,0.52257,0.42738
annealed,32,0.52214,0.42984
annealed,32,0.52171,0.43220
annealed,32,0.52128,0.43446
annealed,32,0.52085,0.43664
annealed,32,0.52043,0.43873
annealed,32,0.52000,0.44073
annealed,32,0.51957,0.44265
annealed,32,0.51915,0.44449
annealed,32,0.51873,0.44626
annealed,32,0.51830,0.44794
annealed,32,0.51788,0.44956
annealed,32,0.51746,0.45110
annealed,32,0.51704,0.45257
annealed,32,0.51662,0.45398
annealed,32,0.51620,0.45533
annealed,32,0.51578,0.45661
annealed,32,0.51536,0.45784
annealed,32,0.51494,0.45901
annealed,32,0.51452,0.46012
annealed,32,0.51411,0.46119
annealed,32,0.51369,0.46220
annealed,32,0.51327,0.46317
annealed,32,0.51286,0.46409
annealed,32,0.51245,0.46497
annealed,32,0.51203,0.46581
annealed,32,0.51162,0.46661
annealed,32,0.51121,0.46737
annealed,32,0.51080,0.46810
annealed,32,0.51039,0.46879
annealed,32,0.50998,0.46945
annealed,32,0.50957,0.47008
annealed,32,0.50916,0.47069
annealed,32,0.50875,0.47126
annealed,32,0.50834,0.47182
annealed,32,0.50794,0.47235
annealed,32,0.50753,0.47285
annealed,32,0.50712,0.47334
annealed,32,0.50672,0.47380
annealed,32,0.50632,0.47425
annealed,32,0.50591,0.47468
annealed,32,0.50551,0.47509
annealed,32,0.50511,0.47549
annealed,32,0.50471,0.47588
annealed,32,0.50431,0.47625
annealed,32,0.50390,0.47661
annealed,32,0.50351,0.47696
annealed,32,0.50311,0.47729
annealed,32,0.50271,0.47762
annealed,32,0.50231,0.47794
annealed,32,0.50191,0.47825
annealed,32,0.50152,0.47855
annealed,32,0.50112,0.47884
annealed,32,0.50073,0.47913
annealed,32,0.50033,0.47941
annealed,32,0.49994,0.47968
annealed,32,0.49954,0.47995
annealed,32,0.49915,0.48021
annealed,32,0.49876,0.48047
annealed,32,0.49837,0.48072
annealed,32,0.49798,0.48097
annealed,32,0.49759,0.48121
annealed,32,0.49720,0.48145
annealed,32,0.49681,0.48169
annealed,32,0.49642,0.48192
annealed,32,0.49603,0.48214
annealed,32,0.49564,0.48237
annealed,32,0.49526,0.48259
annealed,32,0.49487,0.48280
annealed,32,0.49449,0.48301
annealed,32,0.49410,0.48322
annealed,32,0.49372,0.48342
annealed,32,0.49333,0.48363
annealed,32,0.49295,0.48382
annealed,32,0.49257,0.48402
annealed,32,0.49219,0.48420
annealed,32,0.49180,0.48439
annealed,32,0.49142,0.48457
annealed,32,0.49104,0.48475
annealed,32,0.49066,0.48493
annealed,32,0.49029,0.48510
annealed,32,0.48991,0.48526
annealed,32,0.48953,0.48543
annealed,32,0.48915,0.48559
annealed,32,0.48878,0.48575
annealed,32,0.48840,0.48590
annealed,32,0.48802,0.48605
annealed,32,0.48765,0.48620
annealed,32,0.48728,0.48634
annealed,32,0.48690,0.48648
annealed,32,0.48653,0.48662
annealed,32,0.48616,0.48675
annealed,32,0.48578,0.48688
annealed,32,0.48541,0.48701
annealed,32,0.48504,0.48713
annealed,32,0.48467,0.48726
annealed,32,0.48430,0.48738
annealed,32,0.48393,0.48749
annealed,32,0.48356,0.48761
annealed,32,0.48320,0.48772
annealed,32,0.48283,0.48783
annealed,32,0.48246,0.48794
annealed,32,0.48210,0.48805
annealed,32,0.48173,0.48815
annealed,32,0.48136,0.48825
annealed,32,0.48100,0.48835
annealed,32,0.48064,0.48845
annealed,32,0.48027,0.48855
annealed,32,0.47991,0.48864
annealed,32,0.47955,0.48874
annealed,32,0.47918,0.48883
annealed,32,0.47882,0.48892
annealed,32,0.47846,0.48901
annealed,32,0.47810,0.48910
annealed,32,0.47774,0.48918
annealed,32,0.47738,0.48927
annealed,32,0.47702,0.48935
annealed,32,0.47667,0.48944
annealed,32,0.47631,0.48952
annealed,32,0.47595,0.48960
annealed,32,0.47560,0.48968
annealed,32,0.47524,0.48976
annealed,32,0.47488,0.48984
annealed,32,0.47453,0.48992
annealed,32,0.47417,0.48999
annealed,32,0.47382,0.49007
annealed,32,0.47347,0.49014
annealed,32,0.47311,0.49022
annealed,32,0.47276,0.49029
annealed,32,0.47241,0.49036
annealed,32,0.47206,0.49043
annealed,32,0.47171,0.49050
annealed,32,0.47136,0.49057
annealed,32,0.47101,0.49064
annealed,32,0.47066,0.49070
annealed,32,0.47031,0.49077
annealed,32,0.46996,0.49083
annealed,32,0.46962,0.49090
annealed,32,0.46927,0.49096
annealed,32,0.46892,0.49102
annealed,32,0.46858,0.49108
annealed,32,0.46823,0.49114
annealed,32,0.46789,0.49120
annealed,32,0.46754,0.49125
annealed,32,0.46720,0.49131
annealed,32,0.46685,0.49137
annealed,32,0.46651,0.49142
annealed,32,0.46617,0.49147
annealed,32,0.46583,0.49153
annealed,32,0.46548,0.49158
annealed,32,0.46514,0.49163
annealed,32,0.46480,0.49168
annealed,32,0.46446,0.49173
annealed,32,0.46412,0.49178
annealed,32,0.46378,0.49182
annealed,32,0.46345,0.49187
annealed,32,0.46311,0.49191
annealed,32,0.46277,0.49196
annealed,32,0.46243,0.49200
annealed,32,0.46210,0.49204
annealed,32,0.46176,0.49209
annealed,32,0.46142,0.49213
annealed,32,0.46109,0.49217
annealed,32,0.46075,0.49221
annealed,32,0.46042,0.49224
annealed,32,0.46009,0.49228
annealed,32,0.45975,0.49232
annealed,32,0.45942,0.49236
annealed,32,0.45909,0.49239
annealed,32,0.45876,0.49243
annealed,32,0.45843,0.49246
annealed,32,0.45810,0.49249
annealed,32,0.45776,0.49252
annealed,32,0.45744,0.49256
annealed,32,0.45711,0.49259
annealed,32,0.45678,0.49262
annealed,32,0.45645,0.49265
annealed,32,0.45612,0.49268
annealed,32,0.45579,0.49270
annealed,32,0.45547,0.49273
annealed,32,0.45514,0.49276
annealed,32,0.45481,0.49279
annealed,32,0.45449,0.49281
annealed,32,0.45416,0.49284
annealed,32,0.45384,0.49286
annealed,32,0.45351,0.49289
annealed,32,0.45319,0.49291
annealed,32,0.45287,0.49293
annealed,32,0.45254,0.49296
annealed,32,0.45222,0.49298
annealed,32,0.45190,0.49300
annealed,32,0.45158,0.49303
annealed,32,0.45126,0.49305
annealed,32,0.45094,0.49307
annealed,32,0.45062,0.49309
annealed,32,0.45030,0.49311
annealed,32,0.44998,0.49313
annealed,32,0.44966,0.49315
annealed,32,0.44934,0.49318
annealed,32,0.44902,0.49320
annealed,32,0.44871,0.49322
annealed,32,0.44839,0.49324
annealed,32,0.44807,0.49326
annealed,32,0.44776,0.49328
annealed,32,0.44744,0.49330
annealed,32,0.44713,0.49332
annealed,32,0.44681,0.49334
annealed,32,0.44650,0.49336
annealed,32,0.44618,0.49338
annealed,32,0.44587,0.49340
annealed,32,0.44556,0.49341
annealed,32,0.44525,0.49343
annealed,32,0.44493,0.49345
annealed,32,0.44462,0.49347
annealed,32,0.44431,0.49349
annealed,32,0.44400,0.49351
annealed,32,0.44369,0.49353
annealed,32,0.44338,0.49355
annealed,32,0.44307,0.49357
annealed,32,0.44276,0.49359
annealed,32,0.44245,0.49361
annealed,32,0.44214,0.49362
annealed,32,0.44184,0.49364
annealed,32,0.44153,0.49366
annealed,32,0.44122,0.49368
annealed,32,0.44092,0.49370
annealed,32,0.44061,0.49372
annealed,32,0.44031,0.49373
annealed,32,0.44000,0.49375
annealed,48,0.54300,0.05796
annealed,48,0.54258,0.06657
annealed,48,0.54215,0.07543
annealed,48,0.54173,0.08455
annealed,48,0.54130,0.09391
annealed,48,0.54088,0.10351
annealed,48,0.54046,0.11332
annealed,48,0.54004,0.12335
annealed,48,0.53962,0.13358
annealed,48,0.53920,0.14398
annealed,48,0.53878,0.15456
annealed,48,0.53836,0.16528
annealed,48,0.53795,0.17613
annealed,48,0.53753,0.18708
annealed,48,0.53711,0.19812
annealed,48,0.53670,0.20920
annealed,48,0.53628,0.22031
annealed,48,0.53587,0.23140
annealed,48,0.53545,0.24245
annealed,48,0.53504,0.25342
annealed,48,0.53463,0.26427
annealed,48,0.53422,0.27497
annealed,48,0.53381,0.28549
annealed,48,0.53340,0.29578
annealed,48,0.53299,0.30582
annealed,48,0.53258,0.31557
annealed,48,0.53217,0.32502
annealed,48,0.53176,0.33413
annealed,48,0.53135,0.34289
annealed,48,0.53095,0.35129
annealed,48,0.53054,0.35930
annealed,48,0.53013,0.36693
annealed,48,0.52973,0.37416
annealed,48,0.52932,0.38101
annealed,48,0.52892,0.38747
annealed,48,0.52852,0.39355
annealed,48,0.52812,0.39925
annealed,48,0.52771,0.40460
annealed,48,0.52731,0.40961
annealed,48,0.52691,0.41428
annealed,48,0.52651,0.41864
annealed,48,0.52611,0.42271
annealed,48,0.52571,0.42650
annealed,48,0.52532,0.43003
annealed,48,0.52492,0.43331
annealed,48,0.52452,0.43638
annealed,48,0.52412,0.43923
annealed,48,0.52373,0.44190
annealed,48,0.52333,0.44439
annealed,48,0.52294,0.44673
annealed,48,0.52254,0.44892
annealed,48,0.52215,0.45097
annealed,48,0.52176,0.45291
annealed,48,0.52137,0.45473
annealed,48,0.52097,0.45646
annealed,48,0.52058,0.45810
annealed,48,0.52019,0.45965
annealed,48,0.51980,0.46112
annealed,48,0.51941,0.46253
annealed,48,0.51903,0.46387
annealed,48,0.51864,0.46515
annealed,48,0.51825,0.46638
annealed,48,0.51786,0.46755
annealed,48,0.51748,0.46867
annealed,48,0.51709,0.46974
annealed,48,0.51671,0.47077
annealed,48,0.51632,0.47176
annealed,48,0.51594,0.47270
annealed,48,0.51555,0.47360
annealed,48,0.51517,0.47446
annealed,48,0.51479,0.47528
annealed,48,0.51441,0.47607
annealed,48,0.51402,0.47682
annealed,48,0.51364,0.47753
annealed,48,0.51326,0.47821
annealed,48,0.51288,0.47885
annealed,48,0.51251,0.47946
annealed,48,0.51213,0.48004
annealed,48,0.51175,0.48059
annealed,48,0.51137,0.48111
annealed,48,0.51099,0.48160
annealed,48,0.51062,0.48207
annealed,48,0.51024,0.48251
annealed,48,0.50987,0.48293
annealed,48,0.50949,0.48332
annealed,48,0.50912,0.48369
annealed,48,0.50875,0.48405
annealed,48,0.50837,0.48438
annealed,48,0.50800,0.48470
annealed,48,0.50763,0.48501
annealed,48,0.50726,0.48530
annealed,48,0.50689,0.48558
annealed,48,0.50652,0.48585
annealed,48,0.50615,0.48611
annealed,48,0.50578,0.48635
annealed,48,0.50541,0.48660
annealed,48,0.50504,0.48683
annealed,48,0.50467,0.48706
annealed,48,0.50431,0.48728
annealed,48,0.50394,0.48750
annealed,48,0.50357,0.48772
annealed,48,0.50321,0.48793
annealed,48,0.50284,0.48813
annealed,48,0.50248,0.48834
annealed,48,0.50212,0.48854
annealed,48,0.50175,0.48874
annealed,48,0.50139,0.48893
annealed,48,0.50103,0.48912
annealed,48,0.50067,0.48931
annealed,48,0.50031,0.48950
annealed,48,0.49994,0.48968
annealed,48,0.49958,0.48986
annealed,48,0.49922,0.49003
annealed,48,0.49887,0.49021
annealed,48,0.49851,0.49037
annealed,48,0.49815,0.49054
annealed,48,0.49779,0.49070
annealed,48,0.49743,0.49085
annealed,48,0.49708,0.49100
annealed,48,0.49672,0.49114
annealed,48,0.49637,0.49128
annealed,48,0.49601,0.49142
annealed,48,0.49566,0.49154
annealed,48,0.49530,0.49167
annealed,48,0.49495,0.49178
annealed,48,0.49460,0.49189
annealed,48,0.49424,0.49200
annealed,48,0.49389,0.49209
annealed,48,0.49354,0.49218
annealed,48,0.49319,0.49227
annealed,48,0.49284,0.49235
annealed,48,0.49249,0.49242
annealed,48,0.49214,0.49249
annealed,48,0.49179,0.49255
annealed,48,0.49144,0.49260
annealed,48,0.49109,0.49264
annealed,48,0.49075,0.49268
annealed,48,0.49040,0.49272
annealed,48,0.49005,0.49274
annealed,48,0.48971,0.49276
annealed,48,0.48936,0.49277
annealed,48,0.48902,0.49278
annealed,48,0.48867,0.49278
annealed,48,0.48833,0.49278
annealed,48,0.48798,0.49277
annealed,48,0.48764,0.49275
annealed,48,0.48730,0.49273
annealed,48,0.48696,0.49271
annealed,48,0.48662,0.49268
annealed,48,0.48627,0.49265
annealed,48,0.48593,0.49262
annealed,48,0.48559,0.49259
annealed,48,0.48525,0.49255
annealed,48,0.48491,0.49252
annealed,48,0.48458,0.49248
annealed,48,0.48424,0.49245
annealed,48,0.48390,0.49242
annealed,48,0.48356,0.49239
annealed,48,0.48322,0.49237
annealed,48,0.48289,0.49235
annealed,48,0.48255,0.49234
annealed,48,0.48222,0.49233
annealed,48,0.48188,0.49233
annealed,48,0.48155,0.49234
annealed,48,0.48121,0.49235
annealed,48,0.48088,0.49237
annealed,48,0.48055,0.49240
annealed,48,0.48021,0.49244
annealed,48,0.47988,0.49249
annealed,48,0.47955,0.49254
annealed,48,0.47922,0.49261
annealed,48,0.47889,0.49268
annealed,48,0.47856,0.49275
annealed,48,0.47823,0.49284
annealed,48,0.47790,0.49292
annealed,48,0.47757,0.49302
annealed,48,0.47724,0.49312
annealed,48,0.47691,0.49322
annealed,48,0.47658,0.49332
annealed,48,0.47626,0.49343
annealed,48,0.47593,0.49354
annealed,48,0.47560,0.49365
annealed,48,0.47528,0.49376
annealed,48,0.47495,0.49386
annealed,48,0.47463,0.49397
annealed,48,0.47430,0.49408
annealed,48,0.47398,0.49418
annealed,48,0.47365,0.49428
annealed,48,0.47333,0.49438
annealed,48,0.47301,0.49448
annealed,48,0.47269,0.49457
annealed,48,0.47236,0.49466
annealed,48,0.47204,0.49474
annealed,48,0.47172,0.49482
annealed,48,0.47140,0.49490
annealed,48,0.47108,0.49498
annealed,48,0.47076,0.49505
annealed,48,0.47044,0.49512
annealed,48,0.47012,0.49518
annealed,48,0.46980,0.49525
annealed,48,0.46949,0.49530
annealed,48,0.46917,0.49536
annealed,48,0.46885,0.49542
annealed,48,0.46854,0.49547
annealed,48,0.46822,0.49552
annealed,48,0.46790,0.49557
annealed,48,0.46759,0.49561
annealed,48,0.46727,0.49566
annealed,48,0.46696,0.49570
annealed,48,0.46664,0.49574
annealed,48,0.46633,0.49578
annealed,48,0.46602,0.49582
annealed,48,0.46570,0.49586
annealed,48,0.46539,0.49590
annealed,48,0.46508,0.49593
annealed,48,0.46477,0.49597
annealed,48,0.46446,0.49600
annealed,48,0.46415,0.49604
annealed,48,0.46383,0.49607
annealed,48,0.46352,0.49610
annealed,48,0.46322,0.49613
annealed,48,0.46291,0.49616
annealed,48,0.46260,0.49619
annealed,48,0.46229,0.49622
annealed,48,0.46198,0.49625
annealed,48,0.46167,0.49628
annealed,48,0.46137,0.49630
annealed,48,0.46106,0.49633
annealed,48,0.46075,0.49635
annealed,48,0.46045,0.49638
annealed,48,0.46014,0.49640
annealed,48,0.45984,0.49643
annealed,48,0.45953,0.49645
annealed,48,0.45923,0.49647
annealed,48,0.45892,0.49649
annealed,48,0.45862,0.49651
annealed,48,0.45832,0.49653
annealed,48,0.45802,0.49655
annealed,48,0.45771,0.49657
annealed,48,0.45741,0.49659
annealed,48,0.45711,0.49660
annealed,48,0.45681,0.49662
annealed,48,0.45651,0.49663
annealed,48,0.45621,0.49665
annealed,48,0.45591,0.49666
annealed,48,0.45561,0.49668
annealed,48,0.45531,0.49669
annealed,48,0.45501,0.49671
annealed,48,0.45471,0.49672
annealed,48,0.45441,0.49673
annealed,48,0.45412,0.49674
annealed,48,0.45382,0.49675
annealed,48,0.45352,0.49676
annealed,48,0.45323,0.49678
annealed,48,0.45293,0.49679
annealed,48,0.45263,0.49679
annealed,48,0.45234,0.49680
annealed,48,0.45204,0.49681
annealed,48,0.45175,0.49682
annealed,48,0.45146,0.49683
annealed,48,0.45116,0.49684
annealed,48,0.45087,0.49684
annealed,48,0.45058,0.49685
annealed,48,0.45028,0.49686
annealed,48,0.44999,0.49686
annealed,48,0.44970,0.49687
annealed,48,0.44941,0.49688
annealed,48,0.44912,0.49688
annealed,48,0.44883,0.49689
annealed,48,0.44854,0.49690
annealed,48,0.44825,0.49690
annealed,48,0.44796,0.49691
annealed,48,0.44767,0.49692
annealed,48,0.44738,0.49692
annealed,48,0.44709,0.49693
annealed,48,0.44680,0.49694
annealed,48,0.44652,0.49695
annealed,48,0.44623,0.49695
annealed,48,0.44594,0.49696
annealed,48,0.44565,0.49697
annealed,48,0.44537,0.49698
annealed,48,0.44508,0.49699
annealed,48,0.44480,0.49699
annealed,48,0.44451,0.49700
annealed,48,0.44423,0.49701
annealed,48,0.44394,0.49702
annealed,48,0.44366,0.49703
annealed,48,0.44338,0.49704
annealed,48,0.44309,0.49705
annealed,48,0.44281,0.49706
annealed,48,0.44253,0.49707
annealed,48,0.44224,0.49708
annealed,48,0.44196,0.49709
annealed,48,0.44168,0.49710
annealed,48,0.44140,0.49711
annealed,48,0.44112,0.49712
annealed,48,0.44084,0.49713
annealed,48,0.44056,0.49714
annealed,48,0.44028,0.49715
annealed,48,0.44000,0.49716
annealed,64,0.54000,-0.02354
annealed,64,0.53959,-0.01634
annealed,64,0.53918,-0.00807
annealed,64,0.53877,0.00130
annealed,64,0.53836,0.01181
annealed,64,0.53796,0.02348
annealed,64,0.53755,0.03628
annealed,64,0.53714,0.05019
annealed,64,0.53674,0.06516
annealed,64,0.53633,0.08108
annealed,64,0.53593,0.09786
annealed,64,0.53552,0.11536
annealed,64,0.53512,0.13342
annealed,64,0.53472,0.15189
annealed,64,0.53431,0.17060
annealed,64,0.53391,0.18936
annealed,64,0.53351,0.20802
annealed,64,0.53311,0.22641
annealed,64,0.53271,0.24439
annealed,64,0.53231,0.26185
annealed,64,0.53191,0.27866
annealed,64,0.53152,0.29474
annealed,64,0.53112,0.31003
annealed,64,0.53072,0.32447
annealed,64,0.53033,0.33804
annealed,64,0.52993,0.35073
annealed,64,0.52953,0.36253
annealed,64,0.52914,0.37346
annealed,64,0.52875,0.38355
annealed,64,0.52835,0.39282
annealed,64,0.52796,0.40132
annealed,64,0.52757,0.40908
annealed,64,0.52718,0.41615
annealed,64,0.52679,0.42258
annealed,64,0.52640,0.42842
annealed,64,0.52601,0.43372
annealed,64,0.52562,0.43852
annealed,64,0.52523,0.44286
annealed,64,0.52484,0.44678
annealed,64,0.52445,0.45034
annealed,64,0.52407,0.45356
annealed,64,0.52368,0.45647
annealed,64,0.52329,0.45911
annealed,64,0.52291,0.46151
annealed,64,0.52252,0.46368
annealed,64,0.52214,0.46566
annealed,64,0.52176,0.46747
annealed,64,0.52137,0.46912
annealed,64,0.52099,0.47063
annealed,64,0.52061,0.47201
annealed,64,0.52023,0.47328
annealed,64,0.51985,0.47446
annealed,64,0.51947,0.47554
annealed,64,0.51909,0.47655
annealed,64,0.51871,0.47748
annealed,64,0.51833,0.47835
annealed,64,0.51795,0.47916
annealed,64,0.51758,0.47992
annealed,64,0.51720,0.48063
annealed,64,0.51682,0.48131
annealed,64,0.51645,0.48194
annealed,64,0.51607,0.48254
annealed,64,0.51570,0.48311
annealed,64,0.51532,0.48365
annealed,64,0.51495,0.48417
annealed,64,0.51458,0.48466
annealed,64,0.51420,0.48513
annealed,64,0.51383,0.48558
annealed,64,0.51346,0.48601
annealed,64,0.51309,0.48643
annealed,64,0.51272,0.48683
annealed,64,0.51235,0.48722
annealed,64,0.51198,0.48759
annealed,64,0.51161,0.48796
annealed,64,0.51124,0.48831
annealed,64,0.51088,0.48866
annealed,64,0.51051,0.48900
annealed,64,0.51014,0.48933
annealed,64,0.50978,0.48966
annealed,64,0.50941,0.48998
annealed,64,0.50905,0.49030
annealed,64,0.50868,0.49062
annealed,64,0.50832,0.49093
annealed,64,0.50795,0.49123
annealed,64,0.50759,0.49154
annealed,64,0.50723,0.49183
annealed,64,0.50687,0.49212
annealed,64,0.50651,0.49241
annealed,64,0.50614,0.49268
annealed,64,0.50578,0.49294
annealed,64,0.50542,0.49320
annealed,64,0.50506,0.49344
annealed,64,0.50471,0.49367
annealed,64,0.50435,0.49389
annealed,64,0.50399,0.49409
annealed,64,0.50363,0.49428
annealed,64,0.50328,0.49446
annealed,64,0.50292,0.49462
annealed,64,0.50256,0.49477
annealed,64,0.50221,0.49491
annealed,64,0.50185,0.49504
annealed,64,0.50150,0.49515
annealed,64,0.50115,0.49525
annealed,64,0.50079,0.49535
annealed,64,0.50044,0.49543
annealed,64,0.50009,0.49551
annealed,64,0.49974,0.49558
annealed,64,0.49938,0.49565
annealed,64,0.49903,0.49571
annealed,64,0.49868,0.49576
annealed,64,0.49833,0.49581
annealed,64,0.49798,0.49586
annealed,64,0.49764,0.49591
annealed,64,0.49729,0.49595
annealed,64,0.49694,0.49600
annealed,64,0.49659,0.49604
annealed,64,0.49624,0.49609
annealed,64,0.49590,0.49613
annealed,64,0.49555,0.49617
annealed,64,0.49521,0.49622
annealed,64,0.49486,0.49626
annealed,64,0.49452,0.49630
annealed,64,0.49417,0.49635
annealed,64,0.49383,0.49639
annealed,64,0.49349,0.49644
annealed,64,0.49314,0.49648
annealed,64,0.49280,0.49653
annealed,64,0.49246,0.49657
annealed,64,0.49212,0.49662
annealed,64,0.49178,0.49666
annealed,64,0.49144,0.49670
annealed,64,0.49110,0.49675
annealed,64,0.49076,0.49679
annealed,64,0.49042,0.49683
annealed,64,0.49008,0.49687
annealed,64,0.48974,0.49691
annealed,64,0.48941,0.49695
annealed,64,0.48907,0.49698
annealed,64,0.48873,0.49702
annealed,64,0.48840,0.49705
annealed,64,0.48806,0.49708
annealed,64,0.48773,0.49711
annealed,64,0.48739,0.49714
annealed,64,0.48706,0.49717
annealed,64,0.48673,0.49719
annealed,64,0.48639,0.49721
annealed,64,0.48606,0.49723
annealed,64,0.48573,0.49725
annealed,64,0.48539,0.49726
annealed,64,0.48506,0.49728
annealed,64,0.48473,0.49729
annealed,64,0.48440,0.49729
annealed,64,0.48407,0.49729
annealed,64,0.48374,0.49729
annealed,64,0.48341,0.49729
annealed,64,0.48308,0.49727
annealed,64,0.48276,0.49725
annealed,64,0.48243,0.49723
annealed,64,0.48210,0.49720
annealed,64,0.48177,0.49715
annealed,64,0.48145,0.49710
annealed,64,0.48112,0.49704
annealed,64,0.48080,0.49696
annealed,64,0.48047,0.49688
annealed,64,0.48015,0.49679
annealed,64,0.47982,0.49669
annealed,64,0.47950,0.49659
annealed,64,0.47917,0.49649
annealed,64,0.47885,0.49640
annealed,64,0.47853,0.49633
annealed,64,0.47821,0.49629
annealed,64,0.47789,0.49627
annealed,64,0.47756,0.49629
annealed,64,0.47724,0.49634
annealed,64,0.47692,0.49642
annealed,64,0.47660,0.49652
annealed,64,0.47628,0.49663
annealed,64,0.47596,0.49675
annealed,64,0.47565,0.49686
annealed,64,0.47533,0.49697
annealed,64,0.47501,0.49707
annealed,64,0.47469,0.49715
annealed,64,0.47437,0.49722
annealed,64,0.47406,0.49728
annealed,64,0.47374,0.49734
annealed,64,0.47343,0.49738
annealed,64,0.47311,0.49741
annealed,64,0.47280,0.49744
annealed,64,0.47248,0.49746
annealed,64,0.47217,0.49748
annealed,64,0.47185,0.49750
annealed,64,0.47154,0.49751
annealed,64,0.47123,0.49752
annealed,64,0.47092,0.49754
annealed,64,0.47060,0.49755
annealed,64,0.47029,0.49756
annealed,64,0.46998,0.49757
annealed,64,0.46967,0.49758
annealed,64,0.46936,0.49759
annealed,64,0.46905,0.49760
annealed,64,0.46874,0.49761
annealed,64,0.46843,0.49762
annealed,64,0.46812,0.49763
annealed,64,0.46782,0.49765
annealed,64,0.46751,0.49766
annealed,64,0.46720,0.49767
annealed,64,0.46689,0.49769
annealed,64,0.46659,0.49770
annealed,64,0.46628,0.49772
annealed,64,0.46597,0.49773
annealed,64,0.46567,0.49775
annealed,64,0.46536,0.49777
annealed,64,0.46506,0.49778
annealed,64,0.46475,0.49780
annealed,64,0.46445,0.49782
annealed,64,0.46415,0.49784
annealed,64,0.46384,0.49785
annealed,64,0.46354,0.49787
annealed,64,0.46324,0.49789
annealed,64,0.46294,0.49791
annealed,64,0.46264,0.49793
annealed,64,0.46234,0.49794
annealed,64,0.46203,0.49796
annealed,64,0.46173,0.49798
annealed,64,0.46143,0.49800
annealed,64,0.46113,0.49801
annealed,64,0.46084,0.49803
annealed,64,0.46054,0.49805
annealed,64,0.46024,0.49806
annealed,64,0.45994,0.49808
annealed,64,0.45964,0.49810
annealed,64,0.45935,0.49811
annealed,64,0.45905,0.49813
annealed,64,0.45875,0.49814
annealed,64,0.45846,0.49816
annealed,64,0.45816,0.49817
annealed,64,0.45787,0.49818
annealed,64,0.45757,0.49820
annealed,64,0.45728,0.49821
annealed,64,0.45698,0.49822
annealed,64,0.45669,0.49823
annealed,64,0.45639,0.49825
annealed,64,0.45610,0.49826
annealed,64,0.45581,0.49827
annealed,64,0.45552,0.49828
annealed,64,0.45522,0.49829
annealed,64,0.45493,0.49829
annealed,64,0.45464,0.49830
annealed,64,0.45435,0.49831
annealed,64,0.45406,0.49831
annealed,64,0.45377,0.49831
annealed,64,0.45348,0.49831
annealed,64,0.45319,0.49831
annealed,64,0.45290,0.49831
annealed,64,0.45261,0.49830
annealed,64,0.45233,0.49829
annealed,64,0.45204,0.49828
annealed,64,0.45175,0.49826
annealed,64,0.45146,0.49824
annealed,64,0.45118,0.49821
annealed,64,0.45089,0.49818
annealed,64,0.45061,0.49815
annealed,64,0.45032,0.49811
annealed,64,0.45003,0.49808
annealed,64,0.44975,0.49804
annealed,64,0.44946,0.49800
annealed,64,0.44918,0.49796
annealed,64,0.44890,0.49793
annealed,64,0.44861,0.49791
annealed,64,0.44833,0.49789
annealed,64,0.44805,0.49789
annealed,64,0.44777,0.49789
annealed,64,0.44748,0.49791
annealed,64,0.44720,0.49793
annealed,64,0.44692,0.49796
annealed,64,0.44664,0.49799
annealed,64,0.44636,0.49803
annealed,64,0.44608,0.49807
annealed,64,0.44580,0.49811
annealed,64,0.44552,0.49814
annealed,64,0.44524,0.49818
annealed,64,0.44496,0.49821
annealed,64,0.44468,0.49824
annealed,64,0.44440,0.49827
annealed,64,0.44413,0.49829
annealed,64,0.44385,0.49831
annealed,64,0.44357,0.49833
annealed,64,0.44329,0.49835
annealed,64,0.44302,0.49836
annealed,64,0.44274,0.49837
annealed,64,0.44247,0.49838
annealed,64,0.44219,0.49839
annealed,64,0.44192,0.49840
annealed,64,0.44164,0.49841
annealed,64,0.44137,0.49842
annealed,64,0.44109,0.49843
annealed,64,0.44082,0.49844
annealed,64,0.44055,0.49844
annealed,64,0.44027,0.49845
annealed,64,0.44000,0.49846
tafm,24,0.48600,0.33020
tafm,24,0.48592,0.33107
tafm,24,0.48583,0.33194
tafm,24,0.48575,0.33281
tafm,24,0.48566,0.33368
tafm,24,0.48558,0.33454
tafm,24,0.48549,0.33540
tafm,24,0.48541,0.33626
tafm,24,0.48533,0.33712
tafm,24,0.48524,0.33797
tafm,24,0.48516,0.33882
tafm,24,0.48507,0.33967
tafm,24,0.48499,0.34052
tafm,24,0.48490,0.34137
tafm,24,0.48482,0.34221
tafm,24,0.48474,0.34305
tafm,24,0.48465,0.34388
tafm,24,0.48457,0.34472
tafm,24,0.48448,0.34555
tafm,24,0.48440,0.34638
tafm,24,0.48432,0.34721
tafm,24,0.48423,0.34803
tafm,24,0.48415,0.34886
tafm,24,0.48407,0.34968
tafm,24,0.48398,0.35049
tafm,24,0.48390,0.35131
tafm,24,0.48381,0.35212
tafm,24,0.48373,0.35293
tafm,24,0.48365,0.35374
tafm,24,0.48356,0.35454
tafm,24,0.48348,0.35534
tafm,24,0.48340,0.35614
tafm,24,0.48331,0.35694
tafm,24,0.48323,0.35773
tafm,24,0.48315,0.35852
tafm,24,0.48306,0.35931
tafm,24,0.48298,0.36009
tafm,24,0.48290,0.36087
tafm,24,0.48281,0.36165
tafm,24,0.48273,0.36243
tafm,24,0.48265,0.36320
tafm,24,0.48256,0.36397
tafm,24,0.48248,0.36474
tafm,24,0.48240,0.36551
tafm,24,0.48231,0.36627
tafm,24,0.48223,0.36703
tafm,24,0.48215,0.36778
tafm,24,0.48206,0.36854
tafm,24,0.48198,0.36929
tafm,24,0.48190,0.37004
tafm,24,0.48181,0.37078
tafm,24,0.48173,0.37152
tafm,24,0.48165,0.37226
tafm,24,0.48157,0.37300
tafm,24,0.48148,0.37373
tafm,24,0.48140,0.37446
tafm,24,0.48132,0.37519
tafm,24,0.48123,0.37592
tafm,24,0.48115,0.37664
tafm,24,0.48107,0.37736
tafm,24,0.48099,0.37807
tafm,24,0.48090,0.37878
tafm,24,0.48082,0.37949
tafm,24,0.48074,0.38020
tafm,24,0.48066,0.38090
tafm,24,0.48057,0.38160
tafm,24,0.48049,0.38230
tafm,24,0.48041,0.38300
tafm,24,0.48033,0.38369
tafm,24,0.48024,0.38438
tafm,24,0.48016,0.38506
tafm,24,0.48008,0.38574
tafm,24,0.48000,0.38642
tafm,24,0.47991,0.38710
tafm,24,0.47983,0.38777
tafm,24,0.47975,0.38844
tafm,24,0.47967,0.38911
tafm,24,0.47958,0.38977
tafm,24,0.47950,0.39044
tafm,24,0.47942,0.39109
tafm,24,0.47934,0.39175
tafm,24,0.47926,0.39240
tafm,24,0.47917,0.39305
tafm,24,0.47909,0.39370
tafm,24,0.47901,0.39434
tafm,24,0.47893,0.39498
tafm,24,0.47885,0.39562
tafm,24,0.47876,0.39625
tafm,24,0.47868,0.39688
tafm,24,0.47860,0.39751
tafm,24,0.47852,0.39813
tafm,24,0.47844,0.39875
tafm,24,0.47835,0.39937
tafm,24,0.47827,0.39999
tafm,24,0.47819,0.40060
tafm,24,0.47811,0.40121
tafm,24,0.47803,0.40181
tafm,24,0.47795,0.40242
tafm,24,0.47786,0.40302
tafm,24,0.47778,0.40362
tafm,24,0.47770,0.40421
tafm,24,0.47762,0.40480
tafm,24,0.47754,0.40539
tafm,24,0.47746,0.40597
tafm,24,0.47737,0.40656
tafm,24,0.47729,0.40713
tafm,24,0.47721,0.40771
tafm,24,0.47713,0.40828
tafm,24,0.47705,0.40885
tafm,24,0.47697,0.40942
tafm,24,0.47689,0.40998
tafm,24,0.47680,0.41055
tafm,24,0.47672,0.41110
tafm,24,0.47664,0.41166
tafm,24,0.47656,0.41221
tafm,24,0.47648,0.41276
tafm,24,0.47640,0.41331
tafm,24,0.47632,0.41385
tafm,24,0.47624,0.41439
tafm,24,0.47616,0.41493
tafm,24,0.47607,0.41546
tafm,24,0.47599,0.41599
tafm,24,0.47591,0.41652
tafm,24,0.47583,0.41705
tafm,24,0.47575,0.41757
tafm,24,0.47567,0.41809
tafm,24,0.47559,0.41860
tafm,24,0.47551,0.41912
tafm,24,0.47543,0.41963
tafm,24,0.47535,0.42014
tafm,24,0.47527,0.42064
tafm,24,0.47518,0.42114
tafm,24,0.47510,0.42164
tafm,24,0.47502,0.42214
tafm,24,0.47494,0.42263
tafm,24,0.47486,0.42313
tafm,24,0.47478,0.42361
tafm,24,0.47470,0.42410
tafm,24,0.47462,0.42458
tafm,24,0.47454,0.42506
tafm,24,0.47446,0.42554
tafm,24,0.47438,0.42601
tafm,24,0.47430,0.42648
tafm,24,0.47422,0.42695
tafm,24,0.47414,0.42742
tafm,24,0.47406,0.42788
tafm,24,0.47398,0.42834
tafm,24,0.47390,0.42880
tafm,24,0.47382,0.42925
tafm,24,0.47374,0.42970
tafm,24,0.47366,0.43015
tafm,24,0.47358,0.43060
tafm,24,0.47350,0.43104
tafm,24,0.47342,0.43149
tafm,24,0.47334,0.43192
tafm,24,0.47326,0.43236
tafm,24,0.47318,0.43279
tafm,24,0.47310,0.43322
tafm,24,0.47302,0.43365
tafm,24,0.47294,0.43408
tafm,24,0.47286,0.43450
tafm,24,0.47278,0.43492
tafm,24,0.47270,0.43534
tafm,24,0.47262,0.43575
tafm,24,0.47254,0.43617
tafm,24,0.47246,0.43658
tafm,24,0.47238,0.43698
tafm,24,0.47230,0.43739
tafm,24,0.47222,0.43779
tafm,24,0.47214,0.43819
tafm,24,0.47206,0.43859
tafm,24,0.47198,0.43898
tafm,24,0.47190,0.43937
tafm,24,0.47182,0.43976
tafm,24,0.47174,0.44015
tafm,24,0.47166,0.44053
tafm,24,0.47158,0.44092
tafm,24,0.47150,0.44130
tafm,24,0.47142,0.44167
tafm,24,0.47134,0.44205
tafm,24,0.47126,0.44242
tafm,24,0.47118,0.44279
tafm,24,0.47110,0.44316
tafm,24,0.47102,0.44353
tafm,24,0.47094,0.44389
tafm,24,0.47087,0.44425
tafm,24,0.47079,0.44461
tafm,24,0.47071,0.44496
tafm,24,0.47063,0.44532
tafm,24,0.47055,0.44567
tafm,24,0.47047,0.44602
tafm,24,0.47039,0.44637
tafm,24,0.47031,0.44671
tafm,24,0.47023,0.44705
tafm,24,0.47015,0.44739
tafm,24,0.47007,0.44773
tafm,24,0.47000,0.44807
tafm,24,0.46992,0.44840
tafm,24,0.46984,0.44873
tafm,24,0.46976,0.44906
tafm,24,0.46968,0.44939
tafm,24,0.46960,0.44971
tafm,24,0.46952,0.45003
tafm,24,0.46944,0.45035
tafm,24,0.46936,0.45067
tafm,24,0.46929,0.45099
tafm,24,0.46921,0.45130
tafm,24,0.46913,0.45161
tafm,24,0.46905,0.45192
tafm,24,0.46897,0.45223
tafm,24,0.46889,0.45254
tafm,24,0.46881,0.45284
tafm,24,0.46874,0.45314
tafm,24,0.46866,0.45344
tafm,24,0.46858,0.45374
tafm,24,0.46850,0.45403
tafm,24,0.46842,0.45433
tafm,24,0.46834,0.45462
tafm,24,0.46826,0.45491
tafm,24,0.46819,0.45520
tafm,24,0.46811,0.45548
tafm,24,0.46803,0.45577
tafm,24,0.46795,0.45605
tafm,24,0.46787,0.45633
tafm,24,0.46779,0.45660
tafm,24,0.46772,0.45688
tafm,24,0.46764,0.45715
tafm,24,0.46756,0.45743
tafm,24,0.46748,0.45770
tafm,24,0.46740,0.45797
tafm,24,0.46733,0.45823
tafm,24,0.46725,0.45850
tafm,24,0.46717,0.45876
tafm,24,0.46709,0.45902
tafm,24,0.46701,0.45928
tafm,24,0.46694,0.45954
tafm,24,0.46686,0.45979
tafm,24,0.46678,0.46005
tafm,24,0.46670,0.46030
tafm,24,0.46662,0.46055
tafm,24,0.46655,0.46080
tafm,24,0.46647,0.46105
tafm,24,0.46639,0.46129
tafm,24,0.46631,0.46153
tafm,24,0.46624,0.46178
tafm,24,0.46616,0.46202
tafm,24,0.46608,0.46226
tafm,24,0.46600,0.46249
tafm,24,0.46592,0.46273
tafm,24,0.46585,0.46296
tafm,24,0.46577,0.46319
tafm,24,0.46569,0.46342
tafm,24,0.46561,0.46365
tafm,24,0.46554,0.46388
tafm,24,0.46546,0.46410
tafm,24,0.46538,0.46433
tafm,24,0.46530,0.46455
tafm,24,0.46523,0.46477
tafm,24,0.46515,0.46499
tafm,24,0.46507,0.46521
tafm,24,0.46500,0.46542
tafm,24,0.46492,0.46564
tafm,24,0.46484,0.46585
tafm,24,0.46476,0.46606
tafm,24,0.46469,0.46627
tafm,24,0.46461,0.46648
tafm,24,0.46453,0.46669
tafm,24,0.46445,0.46689
tafm,24,0.46438,0.46710
tafm,24,0.46430,0.46730
tafm,24,0.46422,0.46750
tafm,24,0.46415,0.46770
tafm,24,0.46407,0.46790
tafm,24,0.46399,0.46810
tafm,24,0.46392,0.46829
tafm,24,0.46384,0.46849
tafm,24,0.46376,0.46868
tafm,24,0.46368,0.46887
tafm,24,0.46361,0.46906
tafm,24,0.46353,0.46925
tafm,24,0.46345,0.46944
tafm,24,0.46338,0.46962
tafm,24,0.46330,0.46981
tafm,24,0.46322,0.46999
tafm,24,0.46315,0.47017
tafm,24,0.46307,0.47036
tafm,24,0.46299,0.47053
tafm,24,0.46292,0.47071
tafm,24,0.46284,0.47089
tafm,24,0.46276,0.47107
tafm,24,0.46269,0.47124
tafm,24,0.46261,0.47141
tafm,24,0.46253,0.47159
tafm,24,0.46246,0.47176
tafm,24,0.46238,0.47193
tafm,24,0.46231,0.47209
tafm,24,0.46223,0.47226
tafm,24,0.46215,0.47243
tafm,24,0.46208,0.47259
tafm,24,0.46200,0.47276
tafm,32,0.48600,0.26992
tafm,32,0.48592,0.27129
tafm,32,0.48583,0.27265
tafm,32,0.48575,0.27401
tafm,32,0.48566,0.27537
tafm,32,0.48558,0.27673
tafm,32,0.48549,0.27809
tafm,32,0.48541,0.27945
tafm,32,0.48533,0.28081
tafm,32,0.48524,0.28216
tafm,32,0.48516,0.28351
tafm,32,0.48507,0.28486
tafm,32,0.48499,0.28621
tafm,32,0.48490,0.28756
tafm,32,0.48482,0.28891
tafm,32,0.48474,0.29025
tafm,32,0.48465,0.29159
tafm,32,0.48457,0.29293
tafm,32,0.48448,0.29427
tafm,32,0.48440,0.29561
tafm,32,0.48432,0.29694
tafm,32,0.48423,0.29827
tafm,32,0.48415,0.29960
tafm,32,0.48407,0.30092
tafm,32,0.48398,0.30224
tafm,32,0.48390,0.30356
tafm,32,0.48381,0.30488
tafm,32,0.48373,0.30619
tafm,32,0.48365,0.30750
tafm,32,0.48356,0.30881
tafm,32,0.48348,0.31011
tafm,32,0.48340,0.31141
tafm,32,0.48331,0.31271
tafm,32,0.48323,0.31400
tafm,32,0.48315,0.31529
tafm,32,0.48306,0.31658
tafm,32,0.48298,0.31786
tafm,32,0.48290,0.31914
tafm,32,0.48281,0.32041
tafm,32,0.48273,0.32168
tafm,32,0.48265,0.32295
tafm,32,0.48256,0.32421
tafm,32,0.48248,0.32547
tafm,32,0.48240,0.32672
tafm,32,0.48231,0.32797
tafm,32,0.48223,0.32922
tafm,32,0.48215,0.33046
tafm,32,0.48206,0.33170
tafm,32,0.48198,0.33293
tafm,32,0.48190,0.33416
tafm,32,0.48181,0.33538
tafm,32,0.48173,0.33660
tafm,32,0.48165,0.33782
tafm,32,0.48157,0.33902
tafm,32,0.48148,0.34023
tafm,32,0.48140,0.34143
tafm,32,0.48132,0.34262
tafm,32,0.48123,0.34381
tafm,32,0.48115,0.34500
tafm,32,0.48107,0.34618
tafm,32,0.48099,0.34735
tafm,32,0.48090,0.34852
tafm,32,0.48082,0.34968
tafm,32,0.48074,0.35084
tafm,32,0.48066,0.35199
tafm,32,0.48057,0.35314
tafm,32,0.48049,0.35428
tafm,32,0.48041,0.35542
tafm,32,0.48033,0.35655
tafm,32,0.48024,0.35768
tafm,32,0.48016,0.35880
tafm,32,0.48008,0.35991
tafm,32,0.48000,0.36102
tafm,32,0.47991,0.36213
tafm,32,0.47983,0.36322
tafm,32,0.47975,0.36432
tafm,32,0.47967,0.36540
tafm,32,0.47958,0.36648
tafm,32,0.47950,0.36756
tafm,32,0.47942,0.36863
tafm,32,0.47934,0.36969
tafm,32,0.47926,0.37075
tafm,32,0.47917,0.37180
tafm,32,0.47909,0.37284
tafm,32,0.47901,0.37388
tafm,32,0.47893,0.37491
tafm,32,0.47885,0.37594
tafm,32,0.47876,0.37696
tafm,32,0.47868,0.37798
tafm,32,0.47860,0.37899
tafm,32,0.47852,0.37999
tafm,32,0.47844,0.38099
tafm,32,0.47835,0.38198
tafm,32,0.47827,0.38296
tafm,32,0.47819,0.38394
tafm,32,0.47811,0.38491
tafm,32,0.47803,0.38588
tafm,32,0.47795,0.38684
tafm,32,0.47786,0.38780
tafm,32,0.47778,0.38874
tafm,32,0.47770,0.38969
tafm,32,0.47762,0.39062
tafm,32,0.47754,0.39155
tafm,32,0.47746,0.39247
tafm,32,0.47737,0.39339
tafm,32,0.47729,0.39430
tafm,32,0.47721,0.39521
tafm,32,0.47713,0.39611
tafm,32,0.47705,0.39700
tafm,32,0.47697,0.39788
tafm,32,0.47689,0.39876
tafm,32,0.47680,0.39964
tafm,32,0.47672,0.40051
tafm,32,0.47664,0.40137
tafm,32,0.47656,0.40222
tafm,32,0.47648,0.40307
tafm,32,0.47640,0.40392
tafm,32,0.47632,0.40475
tafm,32,0.47624,0.40558
tafm,32,0.47616,0.40641
tafm,32,0.47607,0.40723
tafm,32,0.47599,0.40804
tafm,32,0.47591,0.40885
tafm,32,0.47583,0.40965
tafm,32,0.47575,0.41044
tafm,32,0.47567,0.41123
tafm,32,0.47559,0.41201
tafm,32,0.47551,0.41279
tafm,32,0.47543,0.41356
tafm,32,0.47535,0.41433
tafm,32,0.47527,0.41508
tafm,32,0.47518,0.41584
tafm,32,0.47510,0.41658
tafm,32,0.47502,0.41732
tafm,32,0.47494,0.41806
tafm,32,0.47486,0.41879
tafm,32,0.47478,0.41951
tafm,32,0.47470,0.42023
tafm,32,0.47462,0.42094
tafm,32,0.47454,0.42165
tafm,32,0.47446,0.42235
tafm,32,0.47438,0.42304
tafm,32,0.47430,0.42373
tafm,32,0.47422,0.42441
tafm,32,0.47414,0.42509
tafm,32,0.47406,0.42576
tafm,32,0.47398,0.42643
tafm,32,0.47390,0.42709
tafm,32,0.47382,0.42774
tafm,32,0.47374,0.42839
tafm,32,0.47366,0.42904
tafm,32,0.47358,0.42968
tafm,32,0.47350,0.43031
tafm,32,0.47342,0.43094
tafm,32,0.47334,0.43156
tafm,32,0.47326,0.43218
tafm,32,0.47318,0.43279
tafm,32,0.47310,0.43339
tafm,32,0.47302,0.43400
tafm,32,0.47294,0.43459
tafm,32,0.47286,0.43518
tafm,32,0.47278,0.43577
tafm,32,0.47270,0.43635
tafm,32,0.47262,0.43692
tafm,32,0.47254,0.43749
tafm,32,0.47246,0.43806
tafm,32,0.47238,0.43862
tafm,32,0.47230,0.43917
tafm,32,0.47222,0.43972
tafm,32,0.47214,0.44027
tafm,32,0.47206,0.44081
tafm,32,0.47198,0.44134
tafm,32,0.47190,0.44187
tafm,32,0.47182,0.44240
tafm,32,0.47174,0.44292
tafm,32,0.47166,0.44343
tafm,32,0.47158,0.44394
tafm,32,0.47150,0.44445
tafm,32,0.47142,0.44495
tafm,32,0.47134,0.44545
tafm,32,0.47126,0.44594
tafm,32,0.47118,0.44643
tafm,32,0.47110,0.44691
tafm,32,0.47102,0.44739
tafm,32,0.47094,0.44787
tafm,32,0.47087,0.44834
tafm,32,0.47079,0.44880
tafm,32,0.47071,0.44926
tafm,32,0.47063,0.44972
tafm,32,0.47055,0.45017
tafm,32,0.47047,0.45062
tafm,32,0.47039,0.45106
tafm,32,0.47031,0.45150
tafm,32,0.47023,0.45194
tafm,32,0.47015,0.45237
tafm,32,0.47007,0.45280
tafm,32,0.47000,0.45322
tafm,32,0.46992,0.45364
tafm,32,0.46984,0.45405
tafm,32,0.46976,0.45446
tafm,32,0.46968,0.45487
tafm,32,0.46960,0.45528
tafm,32,0.46952,0.45567
tafm,32,0.46944,0.45607
tafm,32,0.46936,0.45646
tafm,32,0.46929,0.45685
tafm,32,0.46921,0.45723
tafm,32,0.46913,0.45761
tafm,32,0.46905,0.45799
tafm,32,0.46897,0.45836
tafm,32,0.46889,0.45873
tafm,32,0.46881,0.45910
tafm,32,0.46874,0.45946
tafm,32,0.46866,0.45982
tafm,32,0.46858,0.46017
tafm,32,0.46850,0.46052
tafm,32,0.46842,0.46087
tafm,32,0.46834,0.46122
tafm,32,0.46826,0.46156
tafm,32,0.46819,0.46189
tafm,32,0.46811,0.46223
tafm,32,0.46803,0.46256
tafm,32,0.46795,0.46289
tafm,32,0.46787,0.46321
tafm,32,0.46779,0.46353
tafm,32,0.46772,0.46385
tafm,32,0.46764,0.46417
tafm,32,0.46756,0.46448
tafm,32,0.46748,0.46479
tafm,32,0.46740,0.46509
tafm,32,0.46733,0.46540
tafm,32,0.46725,0.46569
tafm,32,0.46717,0.46599
tafm,32,0.46709,0.46628
tafm,32,0.46701,0.46658
tafm,32,0.46694,0.46686
tafm,32,0.46686,0.46715
tafm,32,0.46678,0.46743
tafm,32,0.46670,0.46771
tafm,32,0.46662,0.46799
tafm,32,0.46655,0.46826
tafm,32,0.46647,0.46853
tafm,32,0.46639,0.46880
tafm,32,0.46631,0.46906
tafm,32,0.46624,0.46933
tafm,32,0.46616,0.46959
tafm,32,0.46608,0.46984
tafm,32,0.46600,0.47010
tafm,32,0.46592,0.47035
tafm,32,0.46585,0.47060
tafm,32,0.46577,0.47085
tafm,32,0.46569,0.47109
tafm,32,0.46561,0.47133
tafm,32,0.46554,0.47157
tafm,32,0.46546,0.47181
tafm,32,0.46538,0.47205
tafm,32,0.46530,0.47228
tafm,32,0.46523,0.47251
tafm,32,0.46515,0.47274
tafm,32,0.46507,0.47296
tafm,32,0.46500,0.47319
tafm,32,0.46492,0.47341
tafm,32,0.46484,0.47363
tafm,32,0.46476,0.47384
tafm,32,0.46469,0.47406
tafm,32,0.46461,0.47427
tafm,32,0.46453,0.47448
tafm,32,0.46445,0.47469
tafm,32,0.46438,0.47490
tafm,32,0.46430,0.47510
tafm,32,0.46422,0.47530
tafm,32,0.46415,0.47550
tafm,32,0.46407,0.47570
tafm,32,0.46399,0.47589
tafm,32,0.46392,0.47609
tafm,32,0.46384,0.47628
tafm,32,0.46376,0.47647
tafm,32,0.46368,0.47666
tafm,32,0.46361,0.47684
tafm,32,0.46353,0.47703
tafm,32,0.46345,0.47721
tafm,32,0.46338,0.47739
tafm,32,0.46330,0.47757
tafm,32,0.46322,0.47775
tafm,32,0.46315,0.47792
tafm,32,0.46307,0.47810
tafm,32,0.46299,0.47827
tafm,32,0.46292,0.47844
tafm,32,0.46284,0.47861
tafm,32,0.46276,0.47877
tafm,32,0.46269,0.47894
tafm,32,0.46261,0.47910
tafm,32,0.46253,0.47926
tafm,32,0.46246,0.47942
tafm,32,0.46238,0.47958
tafm,32,0.46231,0.47974
tafm,32,0.46223,0.47989
tafm,32,0.46215,0.48005
tafm,32,0.46208,0.48020
tafm,32,0.46200,0.48035
tafm,48,0.48600,0.12430
tafm,48,0.48592,0.12593
tafm,48,0.48583,0.12758
tafm,48,0.48575,0.12925
tafm,48,0.48566,0.13094
tafm,48,0.48558,0.13265
tafm,48,0.48549,0.13437
tafm,48,0.48541,0.13612
tafm,48,0.48533,0.13788
tafm,48,0.48524,0.13966
tafm,48,0.48516,0.14146
tafm,48,0.48507,0.14328
tafm,48,0.48499,0.14512
tafm,48,0.48490,0.14697
tafm,48,0.48482,0.14884
tafm,48,0.48474,0.15073
tafm,48,0.48465,0.15263
tafm,48,0.48457,0.15455
tafm,48,0.48448,0.15649
tafm,48,0.48440,0.15845
tafm,48,0.48432,0.16042
tafm,48,0.48423,0.16240
tafm,48,0.48415,0.16441
tafm,48,0.48407,0.16642
tafm,48,0.48398,0.16846
tafm,48,0.48390,0.17050
tafm,48,0.48381,0.17256
tafm,48,0.48373,0.17464
tafm,48,0.48365,0.17673
tafm,48,0.48356,0.17883
tafm,48,0.48348,0.18094
tafm,48,0.48340,0.18307
tafm,48,0.48331,0.18521
tafm,48,0.48323,0.18736
tafm,48,0.48315,0.18953
tafm,48,0.48306,0.19170
tafm,48,0.48298,0.19389
tafm,48,0.48290,0.19608
tafm,48,0.48281,0.19829
tafm,48,0.48273,0.20051
tafm,48,0.48265,0.20273
tafm,48,0.48256,0.20497
tafm,48,0.48248,0.20721
tafm,48,0.48240,0.20946
tafm,48,0.48231,0.21172
tafm,48,0.48223,0.21398
tafm,48,0.48215,0.21626
tafm,48,0.48206,0.21854
tafm,48,0.48198,0.22082
tafm,48,0.48190,0.22311
tafm,48,0.48181,0.22541
tafm,48,0.48173,0.22771
tafm,48,0.48165,0.23001
tafm,48,0.48157,0.23232
tafm,48,0.48148,0.23463
tafm,48,0.48140,0.23694
tafm,48,0.48132,0.23926
tafm,48,0.48123,0.24158
tafm,48,0.48115,0.24390
tafm,48,0.48107,0.24622
tafm,48,0.48099,0.24854
tafm,48,0.48090,0.25086
tafm,48,0.48082,0.25319
tafm,48,0.48074,0.25551
tafm,48,0.48066,0.25783
tafm,48,0.48057,0.26014
tafm,48,0.48049,0.26246
tafm,48,0.48041,0.26477
tafm,48,0.48033,0.26708
tafm,48,0.48024,0.26939
tafm,48,0.48016,0.27169
tafm,48,0.48008,0.27399
tafm,48,0.48000,0.27629
tafm,48,0.47991,0.27858
tafm,48,0.47983,0.28086
tafm,48,0.47975,0.28314
tafm,48,0.47967,0.28541
tafm,48,0.47958,0.28768
tafm,48,0.47950,0.28994
tafm,48,0.47942,0.29219
tafm,48,0.47934,0.29443
tafm,48,0.47926,0.29667
tafm,48,0.47917,0.29889
tafm,48,0.47909,0.30111
tafm,48,0.47901,0.30332
tafm,48,0.47893,0.30552
tafm,48,0.47885,0.30771
tafm,48,0.47876,0.30989
tafm,48,0.47868,0.31205
tafm,48,0.47860,0.31421
tafm,48,0.47852,0.31636
tafm,48,0.47844,0.31849
tafm,48,0.47835,0.32062
tafm,48,0.47827,0.32273
tafm,48,0.47819,0.32483
tafm,48,0.47811,0.32691
tafm,48,0.47803,0.32898
tafm,48,0.47795,0.33104
tafm,48,0.47786,0.33309
tafm,48,0.47778,0.33512
tafm,48,0.47770,0.33714
tafm,48,0.47762,0.33915
tafm,48,0.47754,0.34114
tafm,48,0.47746,0.34311
tafm,48,0.47737,0.34508
tafm,48,0.47729,0.34702
tafm,48,0.47721,0.34895
tafm,48,0.47713,0.35087
tafm,48,0.47705,0.35277
tafm,48,0.47697,0.35466
tafm,48,0.47689,0.35653
tafm,48,0.47680,0.35838
tafm,48,0.47672,0.36022
tafm,48,0.47664,0.36204
tafm,48,0.47656,0.36385
tafm,48,0.47648,0.36564
tafm,48,0.47640,0.36741
tafm,48,0.47632,0.36917
tafm,48,0.47624,0.37091
tafm,48,0.47616,0.37263
tafm,48,0.47607,0.37434
tafm,48,0.47599,0.37602
tafm,48,0.47591,0.37770
tafm,48,0.47583,0.37935
tafm,48,0.47575,0.38099
tafm,48,0.47567,0.38261
tafm,48,0.47559,0.38422
tafm,48,0.47551,0.38581
tafm,48,0.47543,0.38738
tafm,48,0.47535,0.38893
tafm,48,0.47527,0.39047
tafm,48,0.47518,0.39199
tafm,48,0.47510,0.39349
tafm,48,0.47502,0.39498
tafm,48,0.47494,0.39645
tafm,48,0.47486,0.39790
tafm,48,0.47478,0.39934
tafm,48,0.47470,0.40075
tafm,48,0.47462,0.40216
tafm,48,0.47454,0.40354
tafm,48,0.47446,0.40491
tafm,48,0.47438,0.40626
tafm,48,0.47430,0.40759
tafm,48,0.47422,0.40891
tafm,48,0.47414,0.41021
tafm,48,0.47406,0.41150
tafm,48,0.47398,0.41277
tafm,48,0.47390,0.41402
tafm,48,0.47382,0.41526
tafm,48,0.47374,0.41648
tafm,48,0.47366,0.41768
tafm,48,0.47358,0.41887
tafm,48,0.47350,0.42005
tafm,48,0.47342,0.42121
tafm,48,0.47334,0.42235
tafm,48,0.47326,0.42347
tafm,48,0.47318,0.42459
tafm,48,0.47310,0.42568
tafm,48,0.47302,0.42676
tafm,48,0.47294,0.42783
tafm,48,0.47286,0.42888
tafm,48,0.47278,0.42992
tafm,48,0.47270,0.43094
tafm,48,0.47262,0.43195
tafm,48,0.47254,0.43294
tafm,48,0.47246,0.43392
tafm,48,0.47238,0.43489
tafm,48,0.47230,0.43584
tafm,48,0.47222,0.43678
tafm,48,0.47214,0.43770
tafm,48,0.47206,0.43861
tafm,48,0.47198,0.43951
tafm,48,0.47190,0.44039
tafm,48,0.47182,0.44127
tafm,48,0.47174,0.44212
tafm,48,0.47166,0.44297
tafm,48,0.47158,0.44380
tafm,48,0.47150,0.44462
tafm,48,0.47142,0.44543
tafm,48,0.47134,0.44623
tafm,48,0.47126,0.44701
tafm,48,0.47118,0.44778
tafm,48,0.47110,0.44854
tafm,48,0.47102,0.44929
tafm,48,0.47094,0.45003
tafm,48,0.47087,0.45075
tafm,48,0.47079,0.45147
tafm,48,0.47071,0.45217
tafm,48,0.47063,0.45286
tafm,48,0.47055,0.45354
tafm,48,0.47047,0.45422
tafm,48,0.47039,0.45488
tafm,48,0.47031,0.45553
tafm,48,0.47023,0.45617
tafm,48,0.47015,0.45680
tafm,48,0.47007,0.45742
tafm,48,0.47000,0.45803
tafm,48,0.46992,0.45863
tafm,48,0.46984,0.45922
tafm,48,0.46976,0.45980
tafm,48,0.46968,0.46037
tafm,48,0.46960,0.46094
tafm,48,0.46952,0.46149
tafm,48,0.46944,0.46204
tafm,48,0.46936,0.46257
tafm,48,0.46929,0.46310
tafm,48,0.46921,0.46362
tafm,48,0.46913,0.46413
tafm,48,0.46905,0.46463
tafm,48,0.46897,0.46513
tafm,48,0.46889,0.46562
tafm,48,0.46881,0.46610
tafm,48,0.46874,0.46657
tafm,48,0.46866,0.46703
tafm,48,0.46858,0.46749
tafm,48,0.46850,0.46794
tafm,48,0.46842,0.46838
tafm,48,0.46834,0.46881
tafm,48,0.46826,0.46924
tafm,48,0.46819,0.46966
tafm,48,0.46811,0.47007
tafm,48,0.46803,0.47048
tafm,48,0.46795,0.47088
tafm,48,0.46787,0.47127
tafm,48,0.46779,0.47166
tafm,48,0.46772,0.47204
tafm,48,0.46764,0.47242
tafm,48,0.46756,0.47279
tafm,48,0.46748,0.47315
tafm,48,0.46740,0.47350
tafm,48,0.46733,0.47386
tafm,48,0.46725,0.47420
tafm,48,0.46717,0.47454
tafm,48,0.46709,0.47488
tafm,48,0.46701,0.47520
tafm,48,0.46694,0.47553
tafm,48,0.46686,0.47585
tafm,48,0.46678,0.47616
tafm,48,0.46670,0.47647
tafm,48,0.46662,0.47677
tafm,48,0.46655,0.47707
tafm,48,0.46647,0.47736
tafm,48,0.46639,0.47765
tafm,48,0.46631,0.47793
tafm,48,0.46624,0.47821
tafm,48,0.46616,0.47849
tafm,48,0.46608,0.47876
tafm,48,0.46600,0.47902
tafm,48,0.46592,0.47929
tafm,48,0.46585,0.47954
tafm,48,0.46577,0.47980
tafm,48,0.46569,0.48005
tafm,48,0.46561,0.48029
tafm,48,0.46554,0.48053
tafm,48,0.46546,0.48077
tafm,48,0.46538,0.48100
tafm,48,0.46530,0.48123
tafm,48,0.46523,0.48146
tafm,48,0.46515,0.48168
tafm,48,0.46507,0.48190
tafm,48,0.46500,0.48212
tafm,48,0.46492,0.48233
tafm,48,0.46484,0.48254
tafm,48,0.46476,0.48274
tafm,48,0.46469,0.48295
tafm,48,0.46461,0.48315
tafm,48,0.46453,0.48334
tafm,48,0.46445,0.48354
tafm,48,0.46438,0.48373
tafm,48,0.46430,0.48391
tafm,48,0.46422,0.48410
tafm,48,0.46415,0.48428
tafm,48,0.46407,0.48446
tafm,48,0.46399,0.48463
tafm,48,0.46392,0.48481
tafm,48,0.46384,0.48498
tafm,48,0.46376,0.48514
tafm,48,0.46368,0.48531
tafm,48,0.46361,0.48547
tafm,48,0.46353,0.48563
tafm,48,0.46345,0.48579
tafm,48,0.46338,0.48595
tafm,48,0.46330,0.48610
tafm,48,0.46322,0.48625
tafm,48,0.46315,0.48640
tafm,48,0.46307,0.48654
tafm,48,0.46299,0.48669
tafm,48,0.46292,0.48683
tafm,48,0.46284,0.48697
tafm,48,0.46276,0.48711
tafm,48,0.46269,0.48724
tafm,48,0.46261,0.48738
tafm,48,0.46253,0.48751
tafm,48,0.46246,0.48764
tafm,48,0.46238,0.48777
tafm,48,0.46231,0.48789
tafm,48,0.46223,0.48801
tafm,48,0.46215,0.48814
tafm,48,0.46208,0.48826
tafm,48,0.46200,0.48838
tafm,64,0.48600,0.01626
tafm,64,0.48592,0.01750
tafm,64,0.48583,0.01877
tafm,64,0.48575,0.02007
tafm,64,0.48566,0.02141
tafm,64,0.48558,0.02279
tafm,64,0.48549,0.02420
tafm,64,0.48541,0.02565
tafm,64,0.48533,0.02714
tafm,64,0.48524,0.02867
tafm,64,0.48516,0.03023
tafm,64,0.48507,0.03183
tafm,64,0.48499,0.03346
tafm,64,0.48490,0.03514
tafm,64,0.48482,0.03685
tafm,64,0.48474,0.03860
tafm,64,0.48465,0.04038
tafm,64,0.48457,0.04221
tafm,64,0.48448,0.04407
tafm,64,0.48440,0.04596
tafm,64,0.48432,0.04790
tafm,64,0.48423,0.04987
tafm,64,0.48415,0.05188
tafm,64,0.48407,0.05392
tafm,64,0.48398,0.05601
tafm,64,0.48390,0.05813
tafm,64,0.48381,0.06028
tafm,64,0.48373,0.06247
tafm,64,0.48365,0.06470
tafm,64,0.48356,0.06696
tafm,64,0.48348,0.06926
tafm,64,0.48340,0.07159
tafm,64,0.48331,0.07396
tafm,64,0.48323,0.07636
tafm,64,0.48315,0.07879
tafm,64,0.48306,0.08126
tafm,64,0.48298,0.08376
tafm,64,0.48290,0.08629
tafm,64,0.48281,0.08886
tafm,64,0.48273,0.09146
tafm,64,0.48265,0.09408
tafm,64,0.48256,0.09674
tafm,64,0.48248,0.09943
tafm,64,0.48240,0.10215
tafm,64,0.48231,0.10490
tafm,64,0.48223,0.10767
tafm,64,0.48215,0.11048
tafm,64,0.48206,0.11331
tafm,64,0.48198,0.11617
tafm,64,0.48190,0.11905
tafm,64,0.48181,0.12196
tafm,64,0.48173,0.12489
tafm,64,0.48165,0.12784
tafm,64,0.48157,0.13082
tafm,64,0.48148,0.13382
tafm,64,0.48140,0.13685
tafm,64,0.48132,0.13989
tafm,64,0.48123,0.14295
tafm,64,0.48115,0.14603
tafm,64,0.48107,0.14913
tafm,64,0.48099,0.15225
tafm,64,0.48090,0.15539
tafm,64,0.48082,0.15854
tafm,64,0.48074,0.16170
tafm,64,0.48066,0.16488
tafm,64,0.48057,0.16808
tafm,64,0.48049,0.17128
tafm,64,0.48041,0.17450
tafm,64,0.48033,0.17773
tafm,64,0.48024,0.18097
tafm,64,0.48016,0.18421
tafm,64,0.48008,0.18747
tafm,64,0.48000,0.19073
tafm,64,0.47991,0.19400
tafm,64,0.47983,0.19727
tafm,64,0.47975,0.20055
tafm,64,0.47967,0.20383
tafm,64,0.47958,0.20712
tafm,64,0.47950,0.21041
tafm,64,0.47942,0.21370
tafm,64,0.47934,0.21698
tafm,64,0.47926,0.22027
tafm,64,0.47917,0.22356
tafm,64,0.47909,0.22684
tafm,64,0.47901,0.23012
tafm,64,0.47893,0.23340
tafm,64,0.47885,0.23667
tafm,64,0.47876,0.23994
tafm,64,0.47868,0.24320
tafm,64,0.47860,0.24645
tafm,64,0.47852,0.24970
tafm,64,0.47844,0.25293
tafm,64,0.47835,0.25616
tafm,64,0.47827,0.25937
tafm,64,0.47819,0.26258
tafm,64,0.47811,0.26577
tafm,64,0.47803,0.26894
tafm,64,0.47795,0.27211
tafm,64,0.47786,0.27526
tafm,64,0.47778,0.27840
tafm,64,0.47770,0.28152
tafm,64,0.47762,0.28462
tafm,64,0.47754,0.28771
tafm,64,0.47746,0.29078
tafm,64,0.47737,0.29383
tafm,64,0.47729,0.29686
tafm,64,0.47721,0.29987
tafm,64,0.47713,0.30286
tafm,64,0.47705,0.30583
tafm,64,0.47697,0.30878
tafm,64,0.47689,0.31171
tafm,64,0.47680,0.31462
tafm,64,0.47672,0.31750
tafm,64,0.47664,0.32036
tafm,64,0.47656,0.32320
tafm,64,0.47648,0.32601
tafm,64,0.47640,0.32880
tafm,64,0.47632,0.33156
tafm,64,0.47624,0.33430
tafm,64,0.47616,0.33701
tafm,64,0.47607,0.33969
tafm,64,0.47599,0.34235
tafm,64,0.47591,0.34498
tafm,64,0.47583,0.34758
tafm,64,0.47575,0.35016
tafm,64,0.47567,0.35271
tafm,64,0.47559,0.35523
tafm,64,0.47551,0.35772
tafm,64,0.47543,0.36019
tafm,64,0.47535,0.36262
tafm,64,0.47527,0.36503
tafm,64,0.47518,0.36741
tafm,64,0.47510,0.36976
tafm,64,0.47502,0.37208
tafm,64,0.47494,0.37437
tafm,64,0.47486,0.37663
tafm,64,0.47478,0.37886
tafm,64,0.47470,0.38106
tafm,64,0.47462,0.38323
tafm,64,0.47454,0.38537
tafm,64,0.47446,0.38749
tafm,64,0.47438,0.38957
tafm,64,0.47430,0.39162
tafm,64,0.47422,0.39365
tafm,64,0.47414,0.39564
tafm,64,0.47406,0.39760
tafm,64,0.47398,0.39954
tafm,64,0.47390,0.40144
tafm,64,0.47382,0.40332
tafm,64,0.47374,0.40516
tafm,64,0.47366,0.40698
tafm,64,0.47358,0.40877
tafm,64,0.47350,0.41053
tafm,64,0.47342,0.41226
tafm,64,0.47334,0.41396
tafm,64,0.47326,0.41564
tafm,64,0.47318,0.41728
tafm,64,0.47310,0.41890
tafm,64,0.47302,0.42049
tafm,64,0.47294,0.42205
tafm,64,0.47286,0.42359
tafm,64,0.47278,0.42509
tafm,64,0.47270,0.42658
tafm,64,0.47262,0.42803
tafm,64,0.47254,0.42946
tafm,64,0.47246,0.43086
tafm,64,0.47238,0.43224
tafm,64,0.47230,0.43359
tafm,64,0.47222,0.43491
tafm,64,0.47214,0.43621
tafm,64,0.47206,0.43749
tafm,64,0.47198,0.43874
tafm,64,0.47190,0.43997
tafm,64,0.47182,0.44117
tafm,64,0.47174,0.44235
tafm,64,0.47166,0.44351
tafm,64,0.47158,0.44464
tafm,64,0.47150,0.44575
tafm,64,0.47142,0.44684
tafm,64,0.47134,0.44791
tafm,64,0.47126,0.44896
tafm,64,0.47118,0.44998
tafm,64,0.47110,0.45098
tafm,64,0.47102,0.45197
tafm,64,0.47094,0.45293
tafm,64,0.47087,0.45387
tafm,64,0.47079,0.45479
tafm,64,0.47071,0.45570
tafm,64,0.47063,0.45658
tafm,64,0.47055,0.45745
tafm,64,0.47047,0.45829
tafm,64,0.47039,0.45912
tafm,64,0.47031,0.45993
tafm,64,0.47023,0.46073
tafm,64,0.47015,0.46151
tafm,64,0.47007,0.46227
tafm,64,0.47000,0.46301
tafm,64,0.46992,0.46374
tafm,64,0.46984,0.46445
tafm,64,0.46976,0.46514
tafm,64,0.46968,0.46582
tafm,64,0.46960,0.46649
tafm,64,0.46952,0.46714
tafm,64,0.46944,0.46777
tafm,64,0.46936,0.46840
tafm,64,0.46929,0.46900
tafm,64,0.46921,0.46960
tafm,64,0.46913,0.47018
tafm,64,0.46905,0.47075
tafm,64,0.46897,0.47130
tafm,64,0.46889,0.47185
tafm,64,0.46881,0.47238
tafm,64,0.46874,0.47290
tafm,64,0.46866,0.47340
tafm,64,0.46858,0.47390
tafm,64,0.46850,0.47438
tafm,64,0.46842,0.47486
tafm,64,0.46834,0.47532
tafm,64,0.46826,0.47577
tafm,64,0.46819,0.47622
tafm,64,0.46811,0.47665
tafm,64,0.46803,0.47707
tafm,64,0.46795,0.47748
tafm,64,0.46787,0.47789
tafm,64,0.46779,0.47828
tafm,64,0.46772,0.47866
tafm,64,0.46764,0.47904
tafm,64,0.46756,0.47941
tafm,64,0.46748,0.47977
tafm,64,0.46740,0.48012
tafm,64,0.46733,0.48046
tafm,64,0.46725,0.48080
tafm,64,0.46717,0.48113
tafm,64,0.46709,0.48145
tafm,64,0.46701,0.48176
tafm,64,0.46694,0.48207
tafm,64,0.46686,0.48237
tafm,64,0.46678,0.48266
tafm,64,0.46670,0.48295
tafm,64,0.46662,0.48323
tafm,64,0.46655,0.48350
tafm,64,0.46647,0.48377
tafm,64,0.46639,0.48403
tafm,64,0.46631,0.48429
tafm,64,0.46624,0.48454
tafm,64,0.46616,0.48478
tafm,64,0.46608,0.48502
tafm,64,0.46600,0.48526
tafm,64,0.46592,0.48549
tafm,64,0.46585,0.48571
tafm,64,0.46577,0.48593
tafm,64,0.46569,0.48614
tafm,64,0.46561,0.48635
tafm,64,0.46554,0.48656
tafm,64,0.46546,0.48676
tafm,64,0.46538,0.48696
tafm,64,0.46530,0.48715
tafm,64,0.46523,0.48734
tafm,64,0.46515,0.48752
tafm,64,0.46507,0.48770
tafm,64,0.46500,0.48788
tafm,64,0.46492,0.48805
tafm,64,0.46484,0.48822
tafm,64,0.46476,0.48839
tafm,64,0.46469,0.48855
tafm,64,0.46461,0.48871
tafm,64,0.46453,0.48886
tafm,64,0.46445,0.48902
tafm,64,0.46438,0.48917
tafm,64,0.46430,0.48931
tafm,64,0.46422,0.48946
tafm,64,0.46415,0.48960
tafm,64,0.46407,0.48973
tafm,64,0.46399,0.48987
tafm,64,0.46392,0.49000
tafm,64,0.46384,0.49013
tafm,64,0.46376,0.49026
tafm,64,0.46368,0.49038
tafm,64,0.46361,0.49051
tafm,64,0.46353,0.49063
tafm,64,0.46345,0.49074
tafm,64,0.46338,0.49086
tafm,64,0.46330,0.49097
tafm,64,0.46322,0.49108
tafm,64,0.46315,0.49119
tafm,64,0.46307,0.49130
tafm,64,0.46299,0.49141
tafm,64,0.46292,0.49151
tafm,64,0.46284,0.49161
tafm,64,0.46276,0.49171
tafm,64,0.46269,0.49181
tafm,64,0.46261,0.49190
tafm,64,0.46253,0.49200
tafm,64,0.46246,0.49209
tafm,64,0.46238,0.49218
tafm,64,0.46231,0.49227
tafm,64,0.46223,0.49236
tafm,64,0.46215,0.49244
tafm,64,0.46208,0.49253
tafm,64,0.46200,0.49261
