model,T,xi,err
annealed,1.0000,0.8897,0.1050
annealed,0.9745,0.6489,0.0962
annealed,0.9497,0.8400,0.1778
annealed,0.9256,0.9365,0.0728
annealed,0.9020,0.9061,0.0399
annealed,0.8790,0.8694,0.1207
annealed,0.8567,0.9292,0.1049
annealed,0.8349,1.0196,0.1165
annealed,0.8136,1.1756,0.1082
annealed,0.7929,1.1557,0.0531
annealed,0.7727,1.1729,0.0602
annealed,0.7531,1.3407,0.0979
annealed,0.7339,1.3867,0.0413
annealed,0.7152,1.5053,0.0599
annealed,0.6970,1.6021,0.0670
annealed,0.6793,1.7436,0.0855
annealed,0.6620,1.7934,0.0032
annealed,0.6451,1.9366,0.1055
annealed,0.6287,2.0825,0.1095
annealed,0.6127,2.2947,0.1124
annealed,0.5971,2.4230,0.0626
annealed,0.5819,2.6826,0.0718
annealed,0.5671,2.9061,0.1169
annealed,0.5527,3.2765,0.0729
annealed,0.5386,3.4581,0.0549
annealed,0.5249,3.8398,0.0549
annealed,0.5115,4.2927,0.0634
annealed,0.4985,4.7566,0.0886
annealed,0.4858,5.3430,0.0853
annealed,0.4735,5.9378,0.1535
annealed,0.4614,6.6008,0.1075
annealed,0.4497,7.3512,0.0908
annealed,0.4382,8.2036,0.1360
annealed,0.4271,9.0688,0.0982
annealed,0.4162,10.0208,0.0393
annealed,0.4056,10.9037,0.0711
annealed,0.3953,11.8066,0.1094
annealed,0.3852,12.7270,0.0724
annealed,0.3754,13.5858,0.0453
annealed,0.3659,14.1698,0.0824
annealed,0.3565,14.7146,0.1083
annealed,0.3475,15.1580,0.1053
annealed,0.3386,15.6025,0.1265
annealed,0.3300,15.9577,0.1278
tafm,1.0000,0.8230,
tafm,0.9256,0.7440,
tafm,0.8567,0.7740,
tafm,0.7929,1.0320,
tafm,0.7339,1.1710,
tafm,0.6793,1.5890,
tafm,0.6287,1.3300,
tafm,0.5819,1.6770,
tafm,0.5386,2.0100,
tafm,0.4985,2.2060,
tafm,0.4614,2.8670,
tafm,0.4271,3.5380,
tafm,0.3953,4.3880,
tafm,0.3659,4.9760,
tafm,0.3386,5.8810,
