model,T,T_over_Tc,C,C_n
annealed,0.54000,1.02273,0.94648,0.46583
annealed,0.53992,1.02257,0.94779,0.46655
annealed,0.53983,1.02241,0.94912,0.46728
annealed,0.53975,1.02225,0.95048,0.46803
annealed,0.53966,1.02209,0.95187,0.46879
annealed,0.53958,1.02193,0.95329,0.46957
annealed,0.53950,1.02177,0.95473,0.47037
annealed,0.53941,1.02161,0.95620,0.47118
annealed,0.53933,1.02146,0.95771,0.47201
annealed,0.53925,1.02130,0.95924,0.47285
annealed,0.53916,1.02114,0.96080,0.47371
annealed,0.53908,1.02098,0.96240,0.47459
annealed,0.53899,1.02082,0.96402,0.47548
annealed,0.53891,1.02066,0.96568,0.47639
annealed,0.53883,1.02050,0.96736,0.47732
annealed,0.53874,1.02035,0.96908,0.47826
annealed,0.53866,1.02019,0.97083,0.47922
annealed,0.53858,1.02003,0.97261,0.48020
annealed,0.53849,1.01987,0.97442,0.48119
annealed,0.53841,1.01971,0.97626,0.48220
annealed,0.53833,1.01956,0.97813,0.48322
annealed,0.53824,1.01940,0.98003,0.48426
annealed,0.53816,1.01924,0.98196,0.48531
annealed,0.53807,1.01908,0.98392,0.48639
annealed,0.53799,1.01892,0.98591,0.48747
annealed,0.53791,1.01877,0.98793,0.48857
annealed,0.53782,1.01861,0.98998,0.48969
annealed,0.53774,1.01845,0.99206,0.49081
annealed,0.53766,1.01829,0.99416,0.49196
annealed,0.53757,1.01813,0.99630,0.49311
annealed,0.53749,1.01798,0.99846,0.49428
annealed,0.53741,1.01782,1.00064,0.49546
annealed,0.53733,1.01766,1.00285,0.49666
annealed,0.53724,1.01750,1.00509,0.49786
annealed,0.53716,1.01735,1.00735,0.49908
annealed,0.53708,1.01719,1.00963,0.50031
annealed,0.53699,1.01703,1.01193,0.50154
annealed,0.53691,1.01687,1.01426,0.50279
annealed,0.53683,1.01672,1.01660,0.50405
annealed,0.53674,1.01656,1.01897,0.50531
annealed,0.53666,1.01640,1.02135,0.50659
annealed,0.53658,1.01625,1.02375,0.50787
annealed,0.53649,1.01609,1.02617,0.50915
annealed,0.53641,1.01593,1.02860,0.51045
annealed,0.53633,1.01577,1.03105,0.51174
annealed,0.53625,1.01562,1.03350,0.51305
annealed,0.53616,1.01546,1.03597,0.51435
annealed,0.53608,1.01530,1.03845,0.51566
annealed,0.53600,1.01515,1.04094,0.51698
annealed,0.53592,1.01499,1.04343,0.51829
annealed,0.53583,1.01483,1.04593,0.51961
annealed,0.53575,1.01468,1.04844,0.52092
annealed,0.53567,1.01452,1.05095,0.52224
annealed,0.53558,1.01436,1.05346,0.52355
annealed,0.53550,1.01421,1.05597,0.52486
annealed,0.53542,1.01405,1.05848,0.52617
annealed,0.53534,1.01390,1.06098,0.52747
annealed,0.53525,1.01374,1.06348,0.52877
annealed,0.53517,1.01358,1.06598,0.53007
annealed,0.53509,1.01343,1.06847,0.53136
annealed,0.53501,1.01327,1.07094,0.53264
annealed,0.53492,1.01311,1.07341,0.53391
annealed,0.53484,1.01296,1.07587,0.53518
annealed,0.53476,1.01280,1.07831,0.53643
annealed,0.53468,1.01265,1.08073,0.53768
annealed,0.53459,1.01249,1.08314,0.53891
annealed,0.53451,1.01233,1.08553,0.54013
annealed,0.53443,1.01218,1.08790,0.54134
annealed,0.53435,1.01202,1.09024,0.54254
annealed,0.53427,1.01187,1.09257,0.54372
annealed,0.53418,1.01171,1.09486,0.54488
annealed,0.53410,1.01156,1.09713,0.54603
annealed,0.53402,1.01140,1.09938,0.54716
annealed,0.53394,1.01124,1.10159,0.54828
annealed,0.53385,1.01109,1.10377,0.54937
annealed,0.53377,1.01093,1.10592,0.55045
annealed,0.53369,1.01078,1.10803,0.55151
annealed,0.53361,1.01062,1.11010,0.55254
annealed,0.53353,1.01047,1.11214,0.55356
annealed,0.53344,1.01031,1.11414,0.55455
annealed,0.53336,1.01016,1.11610,0.55552
annealed,0.53328,1.01000,1.11802,0.55646
annealed,0.53320,1.00985,1.11989,0.55738
annealed,0.53312,1.00969,1.12172,0.55828
annealed,0.53303,1.00954,1.12350,0.55915
annealed,0.53295,1.00938,1.12523,0.55999
annealed,0.53287,1.00923,1.12692,0.56081
annealed,0.53279,1.00907,1.12856,0.56160
annealed,0.53271,1.00892,1.13014,0.56236
annealed,0.53263,1.00876,1.13168,0.56309
annealed,0.53254,1.00861,1.13316,0.56380
annealed,0.53246,1.00845,1.13458,0.56447
annealed,0.53238,1.00830,1.13595,0.56512
annealed,0.53230,1.00814,1.13727,0.56573
annealed,0.53222,1.00799,1.13852,0.56632
annealed,0.53214,1.00783,1.13972,0.56687
annealed,0.53205,1.00768,1.14086,0.56739
annealed,0.53197,1.00752,1.14194,0.56788
annealed,0.53189,1.00737,1.14296,0.56834
annealed,0.53181,1.00722,1.14391,0.56877
annealed,0.53173,1.00706,1.14481,0.56916
annealed,0.53165,1.00691,1.14564,0.56952
annealed,0.53157,1.00675,1.14641,0.56985
annealed,0.53148,1.00660,1.14711,0.57014
annealed,0.53140,1.00645,1.14775,0.57040
annealed,0.53132,1.00629,1.14833,0.57063
annealed,0.53124,1.00614,1.14884,0.57082
annealed,0.53116,1.00598,1.14928,0.57098
annealed,0.53108,1.00583,1.14966,0.57111
annealed,0.53100,1.00568,1.14997,0.57120
annealed,0.53092,1.00552,1.15022,0.57126
annealed,0.53083,1.00537,1.15040,0.57129
annealed,0.53075,1.00521,1.15051,0.57128
annealed,0.53067,1.00506,1.15055,0.57123
annealed,0.53059,1.00491,1.15053,0.57116
annealed,0.53051,1.00475,1.15044,0.57105
annealed,0.53043,1.00460,1.15028,0.57090
annealed,0.53035,1.00445,1.15006,0.57073
annealed,0.53027,1.00429,1.14977,0.57052
annealed,0.53019,1.00414,1.14941,0.57028
annealed,0.53010,1.00399,1.14899,0.57000
annealed,0.53002,1.00383,1.14850,0.56970
annealed,0.52994,1.00368,1.14795,0.56936
annealed,0.52986,1.00353,1.14733,0.56899
annealed,0.52978,1.00337,1.14665,0.56859
annealed,0.52970,1.00322,1.14590,0.56815
annealed,0.52962,1.00307,1.14509,0.56769
annealed,0.52954,1.00291,1.14422,0.56720
annealed,0.52946,1.00276,1.14328,0.56667
annealed,0.52938,1.00261,1.14228,0.56612
annealed,0.52930,1.00246,1.14122,0.56554
annealed,0.52922,1.00230,1.14011,0.56493
annealed,0.52913,1.00215,1.13893,0.56429
annealed,0.52905,1.00200,1.13769,0.56363
annealed,0.52897,1.00184,1.13640,0.56293
annealed,0.52889,1.00169,1.13505,0.56222
annealed,0.52881,1.00154,1.13364,0.56147
annealed,0.52873,1.00139,1.13218,0.56070
annealed,0.52865,1.00123,1.13067,0.55990
annealed,0.52857,1.00108,1.12910,0.55909
annealed,0.52849,1.00093,1.12748,0.55824
annealed,0.52841,1.00078,1.12581,0.55738
annealed,0.52833,1.00062,1.12410,0.55649
annealed,0.52825,1.00047,1.12233,0.55558
annealed,0.52817,1.00032,1.12052,0.55464
annealed,0.52809,1.00017,1.11866,0.55369
annealed,0.52801,1.00002,1.11676,0.55272
annealed,0.52793,0.99986,1.11482,0.55172
annealed,0.52785,0.99971,1.11283,0.55071
annealed,0.52777,0.99956,1.11080,0.54968
annealed,0.52769,0.99941,1.10874,0.54864
annealed,0.52761,0.99926,1.10663,0.54757
annealed,0.52753,0.99910,1.10449,0.54649
annealed,0.52745,0.99895,1.10232,0.54540
annealed,0.52737,0.99880,1.10011,0.54429
annealed,0.52729,0.99865,1.09787,0.54316
annealed,0.52721,0.99850,1.09560,0.54202
annealed,0.52713,0.99835,1.09330,0.54087
annealed,0.52705,0.99819,1.09098,0.53971
annealed,0.52697,0.99804,1.08862,0.53853
annealed,0.52689,0.99789,1.08624,0.53734
annealed,0.52681,0.99774,1.08384,0.53614
annealed,0.52673,0.99759,1.08141,0.53494
annealed,0.52665,0.99744,1.07897,0.53372
annealed,0.52657,0.99729,1.07650,0.53250
annealed,0.52649,0.99713,1.07402,0.53126
annealed,0.52641,0.99698,1.07152,0.53002
annealed,0.52633,0.99683,1.06900,0.52877
annealed,0.52625,0.99668,1.06647,0.52752
annealed,0.52617,0.99653,1.06392,0.52626
annealed,0.52609,0.99638,1.06137,0.52500
annealed,0.52601,0.99623,1.05880,0.52373
annealed,0.52593,0.99608,1.05623,0.52245
annealed,0.52585,0.99593,1.05364,0.52118
annealed,0.52577,0.99577,1.05105,0.51990
annealed,0.52569,0.99562,1.04846,0.51861
annealed,0.52561,0.99547,1.04586,0.51733
annealed,0.52553,0.99532,1.04326,0.51605
annealed,0.52545,0.99517,1.04065,0.51476
annealed,0.52537,0.99502,1.03804,0.51347
annealed,0.52529,0.99487,1.03544,0.51219
annealed,0.52521,0.99472,1.03283,0.51090
annealed,0.52513,0.99457,1.03023,0.50961
annealed,0.52505,0.99442,1.02762,0.50833
annealed,0.52497,0.99427,1.02503,0.50705
annealed,0.52489,0.99412,1.02244,0.50577
annealed,0.52482,0.99397,1.01985,0.50449
annealed,0.52474,0.99382,1.01727,0.50321
annealed,0.52466,0.99367,1.01470,0.50194
annealed,0.52458,0.99352,1.01213,0.50067
annealed,0.52450,0.99337,1.00958,0.49941
annealed,0.52442,0.99322,1.00703,0.49815
annealed,0.52434,0.99307,1.00449,0.49690
annealed,0.52426,0.99292,1.00197,0.49565
annealed,0.52418,0.99277,0.99946,0.49440
annealed,0.52410,0.99262,0.99696,0.49316
annealed,0.52402,0.99247,0.99447,0.49193
annealed,0.52394,0.99232,0.99200,0.49070
annealed,0.52386,0.99217,0.98954,0.48948
annealed,0.52379,0.99202,0.98710,0.48827
annealed,0.52371,0.99187,0.98467,0.48706
annealed,0.52363,0.99172,0.98225,0.48586
annealed,0.52355,0.99157,0.97986,0.48467
annealed,0.52347,0.99142,0.97748,0.48349
annealed,0.52339,0.99127,0.97511,0.48231
annealed,0.52331,0.99112,0.97277,0.48114
annealed,0.52323,0.99097,0.97044,0.47998
annealed,0.52315,0.99082,0.96813,0.47883
annealed,0.52308,0.99067,0.96584,0.47768
annealed,0.52300,0.99052,0.96357,0.47655
annealed,0.52292,0.99037,0.96131,0.47542
annealed,0.52284,0.99023,0.95908,0.47430
annealed,0.52276,0.99008,0.95687,0.47319
annealed,0.52268,0.98993,0.95467,0.47209
annealed,0.52260,0.98978,0.95250,0.47100
annealed,0.52252,0.98963,0.95034,0.46992
annealed,0.52245,0.98948,0.94821,0.46885
annealed,0.52237,0.98933,0.94609,0.46778
annealed,0.52229,0.98918,0.94400,0.46673
annealed,0.52221,0.98903,0.94193,0.46569
annealed,0.52213,0.98889,0.93988,0.46465
annealed,0.52205,0.98874,0.93785,0.46363
annealed,0.52197,0.98859,0.93583,0.46262
annealed,0.52190,0.98844,0.93385,0.46161
annealed,0.52182,0.98829,0.93188,0.46062
annealed,0.52174,0.98814,0.92993,0.45963
annealed,0.52166,0.98799,0.92800,0.45866
annealed,0.52158,0.98784,0.92610,0.45769
annealed,0.52150,0.98770,0.92421,0.45673
annealed,0.52143,0.98755,0.92235,0.45579
annealed,0.52135,0.98740,0.92050,0.45485
annealed,0.52127,0.98725,0.91868,0.45393
annealed,0.52119,0.98710,0.91688,0.45301
annealed,0.52111,0.98696,0.91510,0.45210
annealed,0.52103,0.98681,0.91334,0.45121
annealed,0.52096,0.98666,0.91160,0.45032
annealed,0.52088,0.98651,0.90988,0.44944
annealed,0.52080,0.98636,0.90818,0.44857
annealed,0.52072,0.98621,0.90650,0.44771
annealed,0.52064,0.98607,0.90484,0.44686
annealed,0.52057,0.98592,0.90319,0.44602
annealed,0.52049,0.98577,0.90157,0.44519
annealed,0.52041,0.98562,0.89997,0.44437
annealed,0.52033,0.98548,0.89839,0.44356
annealed,0.52025,0.98533,0.89683,0.44275
annealed,0.52018,0.98518,0.89528,0.44196
annealed,0.52010,0.98503,0.89376,0.44117
annealed,0.52002,0.98489,0.89225,0.44040
annealed,0.51994,0.98474,0.89076,0.43963
annealed,0.51986,0.98459,0.88929,0.43887
annealed,0.51979,0.98444,0.88784,0.43812
annealed,0.51971,0.98430,0.88640,0.43737
annealed,0.51963,0.98415,0.88499,0.43664
annealed,0.51955,0.98400,0.88359,0.43591
annealed,0.51947,0.98385,0.88221,0.43519
annealed,0.51940,0.98371,0.88084,0.43448
annealed,0.51932,0.98356,0.87950,0.43378
annealed,0.51924,0.98341,0.87816,0.43308
annealed,0.51916,0.98327,0.87685,0.43239
annealed,0.51909,0.98312,0.87555,0.43171
annealed,0.51901,0.98297,0.87427,0.43104
annealed,0.51893,0.98282,0.87301,0.43038
annealed,0.51885,0.98268,0.87176,0.42972
annealed,0.51878,0.98253,0.87052,0.42906
annealed,0.51870,0.98238,0.86931,0.42842
annealed,0.51862,0.98224,0.86810,0.42778
annealed,0.51854,0.98209,0.86691,0.42715
annealed,0.51847,0.98194,0.86574,0.42652
annealed,0.51839,0.98180,0.86458,0.42590
annealed,0.51831,0.98165,0.86344,0.42529
annealed,0.51823,0.98150,0.86231,0.42468
annealed,0.51816,0.98136,0.86120,0.42408
annealed,0.51808,0.98121,0.86010,0.42349
annealed,0.51800,0.98106,0.85901,0.42290
annealed,0.51792,0.98092,0.85794,0.42231
annealed,0.51785,0.98077,0.85688,0.42174
annealed,0.51777,0.98063,0.85583,0.42116
annealed,0.51769,0.98048,0.85480,0.42059
annealed,0.51762,0.98033,0.85378,0.42003
annealed,0.51754,0.98019,0.85277,0.41947
annealed,0.51746,0.98004,0.85178,0.41892
annealed,0.51738,0.97989,0.85080,0.41837
annealed,0.51731,0.97975,0.84983,0.41783
annealed,0.51723,0.97960,0.84887,0.41729
annealed,0.51715,0.97946,0.84793,0.41676
annealed,0.51708,0.97931,0.84700,0.41622
annealed,0.51700,0.97916,0.84607,0.41570
annealed,0.51692,0.97902,0.84516,0.41518
annealed,0.51685,0.97887,0.84427,0.41466
annealed,0.51677,0.97873,0.84338,0.41414
annealed,0.51669,0.97858,0.84250,0.41363
annealed,0.51661,0.97844,0.84164,0.41313
annealed,0.51654,0.97829,0.84078,0.41262
annealed,0.51646,0.97815,0.83994,0.41212
annealed,0.51638,0.97800,0.83910,0.41162
annealed,0.51631,0.97785,0.83827,0.41113
annealed,0.51623,0.97771,0.83746,0.41064
annealed,0.51615,0.97756,0.83665,0.41015
annealed,0.51608,0.97742,0.83586,0.40967
annealed,0.51600,0.97727,0.83507,0.40918
tafm,0.48600,1.03119,0.41210,
tafm,0.48592,1.03101,0.41371,
tafm,0.48583,1.03083,0.41534,
tafm,0.48575,1.03065,0.41698,
tafm,0.48566,1.03047,0.41863,
tafm,0.48558,1.03030,0.42030,
tafm,0.48549,1.03012,0.42199,
tafm,0.48541,1.02994,0.42369,
tafm,0.48533,1.02976,0.42540,
tafm,0.48524,1.02958,0.42713,
tafm,0.48516,1.02940,0.42888,
tafm,0.48507,1.02922,0.43064,
tafm,0.48499,1.02904,0.43241,
tafm,0.48490,1.02887,0.43420,
tafm,0.48482,1.02869,0.43601,
tafm,0.48474,1.02851,0.43783,
tafm,0.48465,1.02833,0.43966,
tafm,0.48457,1.02815,0.44151,
tafm,0.48448,1.02798,0.44338,
tafm,0.48440,1.02780,0.44526,
tafm,0.48432,1.02762,0.44716,
tafm,0.48423,1.02744,0.44907,
tafm,0.48415,1.02726,0.45099,
tafm,0.48407,1.02709,0.45293,
tafm,0.48398,1.02691,0.45489,
tafm,0.48390,1.02673,0.45686,
tafm,0.48381,1.02655,0.45884,
tafm,0.48373,1.02638,0.46084,
tafm,0.48365,1.02620,0.46285,
tafm,0.48356,1.02602,0.46488,
tafm,0.48348,1.02584,0.46692,
tafm,0.48340,1.02567,0.46897,
tafm,0.48331,1.02549,0.47104,
tafm,0.48323,1.02531,0.47312,
tafm,0.48315,1.02513,0.47522,
tafm,0.48306,1.02496,0.47733,
tafm,0.48298,1.02478,0.47945,
tafm,0.48290,1.02460,0.48158,
tafm,0.48281,1.02443,0.48373,
tafm,0.48273,1.02425,0.48589,
tafm,0.48265,1.02407,0.48806,
tafm,0.48256,1.02390,0.49025,
tafm,0.48248,1.02372,0.49244,
tafm,0.48240,1.02354,0.49465,
tafm,0.48231,1.02337,0.49687,
tafm,0.48223,1.02319,0.49910,
tafm,0.48215,1.02301,0.50134,
tafm,0.48206,1.02284,0.50359,
tafm,0.48198,1.02266,0.50585,
tafm,0.48190,1.02249,0.50812,
tafm,0.48181,1.02231,0.51040,
tafm,0.48173,1.02213,0.51269,
tafm,0.48165,1.02196,0.51499,
tafm,0.48157,1.02178,0.51729,
tafm,0.48148,1.02161,0.51961,
tafm,0.48140,1.02143,0.52193,
tafm,0.48132,1.02125,0.52425,
tafm,0.48123,1.02108,0.52659,
tafm,0.48115,1.02090,0.52893,
tafm,0.48107,1.02073,0.53127,
tafm,0.48099,1.02055,0.53362,
tafm,0.48090,1.02038,0.53597,
tafm,0.48082,1.02020,0.53833,
tafm,0.48074,1.02003,0.54068,
tafm,0.48066,1.01985,0.54304,
tafm,0.48057,1.01968,0.54541,
tafm,0.48049,1.01950,0.54777,
tafm,0.48041,1.01932,0.55013,
tafm,0.48033,1.01915,0.55249,
tafm,0.48024,1.01897,0.55485,
tafm,0.48016,1.01880,0.55721,
tafm,0.48008,1.01863,0.55956,
tafm,0.48000,1.01845,0.56191,
tafm,0.47991,1.01828,0.56426,
tafm,0.47983,1.01810,0.56660,
tafm,0.47975,1.01793,0.56893,
tafm,0.47967,1.01775,0.57125,
tafm,0.47958,1.01758,0.57357,
tafm,0.47950,1.01740,0.57588,
tafm,0.47942,1.01723,0.57817,
tafm,0.47934,1.01705,0.58045,
tafm,0.47926,1.01688,0.58273,
tafm,0.47917,1.01671,0.58498,
tafm,0.47909,1.01653,0.58722,
tafm,0.47901,1.01636,0.58945,
tafm,0.47893,1.01618,0.59166,
tafm,0.47885,1.01601,0.59385,
tafm,0.47876,1.01584,0.59601,
tafm,0.47868,1.01566,0.59816,
tafm,0.47860,1.01549,0.60029,
tafm,0.47852,1.01531,0.60239,
tafm,0.47844,1.01514,0.60447,
tafm,0.47835,1.01497,0.60652,
tafm,0.47827,1.01479,0.60854,
tafm,0.47819,1.01462,0.61053,
tafm,0.47811,1.01445,0.61249,
tafm,0.47803,1.01427,0.61443,
tafm,0.47795,1.01410,0.61632,
tafm,0.47786,1.01393,0.61819,
tafm,0.47778,1.01375,0.62001,
tafm,0.47770,1.01358,0.62180,
tafm,0.47762,1.01341,0.62355,
tafm,0.47754,1.01323,0.62527,
tafm,0.47746,1.01306,0.62693,
tafm,0.47737,1.01289,0.62856,
tafm,0.47729,1.01272,0.63014,
tafm,0.47721,1.01254,0.63168,
tafm,0.47713,1.01237,0.63317,
tafm,0.47705,1.01220,0.63461,
tafm,0.47697,1.01203,0.63600,
tafm,0.47689,1.01185,0.63734,
tafm,0.47680,1.01168,0.63863,
tafm,0.47672,1.01151,0.63986,
tafm,0.47664,1.01134,0.64104,
tafm,0.47656,1.01116,0.64216,
tafm,0.47648,1.01099,0.64323,
tafm,0.47640,1.01082,0.64423,
tafm,0.47632,1.01065,0.64518,
tafm,0.47624,1.01047,0.64607,
tafm,0.47616,1.01030,0.64689,
tafm,0.47607,1.01013,0.64766,
tafm,0.47599,1.00996,0.64836,
tafm,0.47591,1.00979,0.64899,
tafm,0.47583,1.00961,0.64956,
tafm,0.47575,1.00944,0.65006,
tafm,0.47567,1.00927,0.65050,
tafm,0.47559,1.00910,0.65087,
tafm,0.47551,1.00893,0.65118,
tafm,0.47543,1.00876,0.65141,
tafm,0.47535,1.00859,0.65158,
tafm,0.47527,1.00841,0.65167,
tafm,0.47518,1.00824,0.65170,
tafm,0.47510,1.00807,0.65166,
tafm,0.47502,1.00790,0.65154,
tafm,0.47494,1.00773,0.65136,
tafm,0.47486,1.00756,0.65111,
tafm,0.47478,1.00739,0.65079,
tafm,0.47470,1.00722,0.65040,
tafm,0.47462,1.00705,0.64993,
tafm,0.47454,1.00687,0.64940,
tafm,0.47446,1.00670,0.64880,
tafm,0.47438,1.00653,0.64813,
tafm,0.47430,1.00636,0.64740,
tafm,0.47422,1.00619,0.64659,
tafm,0.47414,1.00602,0.64572,
tafm,0.47406,1.00585,0.64478,
tafm,0.47398,1.00568,0.64378,
tafm,0.47390,1.00551,0.64271,
tafm,0.47382,1.00534,0.64158,
tafm,0.47374,1.00517,0.64039,
tafm,0.47366,1.00500,0.63913,
tafm,0.47358,1.00483,0.63781,
tafm,0.47350,1.00466,0.63643,
tafm,0.47342,1.00449,0.63500,
tafm,0.47334,1.00432,0.63350,
tafm,0.47326,1.00415,0.63195,
tafm,0.47318,1.00398,0.63035,
tafm,0.47310,1.00381,0.62869,
tafm,0.47302,1.00364,0.62698,
tafm,0.47294,1.00347,0.62522,
tafm,0.47286,1.00330,0.62341,
tafm,0.47278,1.00313,0.62156,
tafm,0.47270,1.00296,0.61965,
tafm,0.47262,1.00279,0.61771,
tafm,0.47254,1.00262,0.61571,
tafm,0.47246,1.00245,0.61368,
tafm,0.47238,1.00228,0.61161,
tafm,0.47230,1.00211,0.60950,
tafm,0.47222,1.00195,0.60736,
tafm,0.47214,1.00178,0.60518,
tafm,0.47206,1.00161,0.60296,
tafm,0.47198,1.00144,0.60072,
tafm,0.47190,1.00127,0.59845,
tafm,0.47182,1.00110,0.59614,
tafm,0.47174,1.00093,0.59382,
tafm,0.47166,1.00076,0.59146,
tafm,0.47158,1.00059,0.58909,
tafm,0.47150,1.00043,0.58669,
tafm,0.47142,1.00026,0.58427,
tafm,0.47134,1.00009,0.58184,
tafm,0.47126,0.99992,0.57939,
tafm,0.47118,0.99975,0.57692,
tafm,0.47110,0.99958,0.57444,
tafm,0.47102,0.99941,0.57195,
tafm,0.47094,0.99925,0.56945,
tafm,0.47087,0.99908,0.56694,
tafm,0.47079,0.99891,0.56443,
tafm,0.47071,0.99874,0.56190,
tafm,0.47063,0.99857,0.55938,
tafm,0.47055,0.99841,0.55685,
tafm,0.47047,0.99824,0.55431,
tafm,0.47039,0.99807,0.55178,
tafm,0.47031,0.99790,0.54925,
tafm,0.47023,0.99773,0.54672,
tafm,0.47015,0.99757,0.54419,
tafm,0.47007,0.99740,0.54167,
tafm,0.47000,0.99723,0.53915,
tafm,0.46992,0.99706,0.53664,
tafm,0.46984,0.99690,0.53414,
tafm,0.46976,0.99673,0.53165,
tafm,0.46968,0.99656,0.52916,
tafm,0.46960,0.99639,0.52669,
tafm,0.46952,0.99623,0.52422,
tafm,0.46944,0.99606,0.52177,
tafm,0.46936,0.99589,0.51933,
tafm,0.46929,0.99573,0.51691,
tafm,0.46921,0.99556,0.51450,
tafm,0.46913,0.99539,0.51210,
tafm,0.46905,0.99523,0.50972,
tafm,0.46897,0.99506,0.50736,
tafm,0.46889,0.99489,0.50502,
tafm,0.46881,0.99472,0.50269,
tafm,0.46874,0.99456,0.50038,
tafm,0.46866,0.99439,0.49809,
tafm,0.46858,0.99422,0.49581,
tafm,0.46850,0.99406,0.49356,
tafm,0.46842,0.99389,0.49133,
tafm,0.46834,0.99373,0.48911,
tafm,0.46826,0.99356,0.48692,
tafm,0.46819,0.99339,0.48475,
tafm,0.46811,0.99323,0.48260,
tafm,0.46803,0.99306,0.48047,
tafm,0.46795,0.99289,0.47836,
tafm,0.46787,0.99273,0.47627,
tafm,0.46779,0.99256,0.47421,
tafm,0.46772,0.99240,0.47216,
tafm,0.46764,0.99223,0.47014,
tafm,0.46756,0.99206,0.46814,
tafm,0.46748,0.99190,0.46617,
tafm,0.46740,0.99173,0.46421,
tafm,0.46733,0.99157,0.46228,
tafm,0.46725,0.99140,0.46037,
tafm,0.46717,0.99124,0.45848,
tafm,0.46709,0.99107,0.45662,
tafm,0.46701,0.99091,0.45478,
tafm,0.46694,0.99074,0.45295,
tafm,0.46686,0.99057,0.45116,
tafm,0.46678,0.99041,0.44938,
tafm,0.46670,0.99024,0.44763,
tafm,0.46662,0.99008,0.44589,
tafm,0.46655,0.98991,0.44418,
tafm,0.46647,0.98975,0.44249,
tafm,0.46639,0.98958,0.44082,
tafm,0.46631,0.98942,0.43918,
tafm,0.46624,0.98925,0.43755,
tafm,0.46616,0.98909,0.43595,
tafm,0.46608,0.98892,0.43436,
tafm,0.46600,0.98876,0.43280,
tafm,0.46592,0.98859,0.43125,
tafm,0.46585,0.98843,0.42973,
tafm,0.46577,0.98827,0.42823,
tafm,0.46569,0.98810,0.42674,
tafm,0.46561,0.98794,0.42528,
tafm,0.46554,0.98777,0.42384,
tafm,0.46546,0.98761,0.42241,
tafm,0.46538,0.98744,0.42100,
tafm,0.46530,0.98728,0.41961,
tafm,0.46523,0.98711,0.41824,
tafm,0.46515,0.98695,0.41689,
tafm,0.46507,0.98679,0.41556,
tafm,0.46500,0.98662,0.41424,
tafm,0.46492,0.98646,0.41294,
tafm,0.46484,0.98629,0.41166,
tafm,0.46476,0.98613,0.41039,
tafm,0.46469,0.98597,0.40914,
tafm,0.46461,0.98580,0.40791,
tafm,0.46453,0.98564,0.40669,
tafm,0.46445,0.98548,0.40549,
tafm,0.46438,0.98531,0.40431,
tafm,0.46430,0.98515,0.40314,
tafm,0.46422,0.98499,0.40198,
tafm,0.46415,0.98482,0.40084,
tafm,0.46407,0.98466,0.39971,
tafm,0.46399,0.98449,0.39860,
tafm,0.46392,0.98433,0.39751,
tafm,0.46384,0.98417,0.39642,
tafm,0.46376,0.98401,0.39535,
tafm,0.46368,0.98384,0.39430,
tafm,0.46361,0.98368,0.39325,
tafm,0.46353,0.98352,0.39222,
tafm,0.46345,0.98335,0.39120,
tafm,0.46338,0.98319,0.39020,
tafm,0.46330,0.98303,0.38921,
tafm,0.46322,0.98286,0.38823,
tafm,0.46315,0.98270,0.38726,
tafm,0.46307,0.98254,0.38630,
tafm,0.46299,0.98238,0.38535,
tafm,0.46292,0.98221,0.38442,
tafm,0.46284,0.98205,0.38349,
tafm,0.46276,0.98189,0.38258,
tafm,0.46269,0.98173,0.38168,
tafm,0.46261,0.98156,0.38078,
tafm,0.46253,0.98140,0.37990,
tafm,0.46246,0.98124,0.37903,
tafm,0.46238,0.98108,0.37817,
tafm,0.46231,0.98092,0.37732,
tafm,0.46223,0.98075,0.37647,
tafm,0.46215,0.98059,0.37564,
tafm,0.46208,0.98043,0.37481,
tafm,0.46200,0.98027,0.37400,
