mu,T,T_over_Tc,eta_eff,err,L_max
1,0.600,0.8621,0.0003,0.0173,64
1,0.640,0.9195,0.0319,0.0503,64
1,0.670,0.9626,0.0159,0.0880,64
2,0.680,0.8500,0.0362,0.0453,64
2,0.720,0.9000,0.1075,0.0363,64
2,0.760,0.9500,-0.0010,0.0659,64
2,0.800,1.0000,0.2952,0.0864,64
2,0.820,1.0250,0.6123,0.1885,64
2,0.840,1.0500,0.8474,0.1320,64
3,0.780,0.8211,0.1085,0.0549,96
3,0.830,0.8737,0.1028,0.0255,96
3,0.880,0.9263,0.2717,0.0444,96
3,0.900,0.9474,0.3739,0.0881,64
3,0.920,0.9684,0.3456,0.0767,64
3,0.940,0.9895,0.6647,0.1194,64
5,0.860,0.8190,0.1391,0.0276,96
5,0.930,0.8857,0.2996,0.0345,96
5,1.000,0.9524,0.3550,0.0365,64
5,1.020,0.9714,0.3589,0.0619,64
5,1.040,0.9905,0.5173,0.0589,64
5,1.060,1.0095,0.4774,0.0688,64
5,1.080,1.0286,0.8311,0.2191,64
10,0.700,0.6135,0.0677,0.0334,64
10,0.800,0.7011,0.1640,0.1493,64
10,0.900,0.7888,0.2696,0.1817,64
10,0.950,0.8326,0.3744,0.0818,64
10,1.020,0.8940,0.2824,0.0585,64
10,1.040,0.9115,0.3940,0.0368,96
10,1.060,0.9290,0.4041,0.0503,64
10,1.080,0.9465,0.4041,0.0487,96
10,1.100,0.9641,0.3550,0.0432,64
10,1.120,0.9816,0.4755,0.0609,96
10,1.140,0.9991,0.5743,0.1188,96
